/*
 Navicat Premium Data Transfer

 Source Server         : luffy
 Source Server Type    : MySQL
 Source Server Version : 50737
 Source Host           : localhost:3306
 Source Schema         : bootdb

 Target Server Type    : MySQL
 Target Server Version : 50737
 File Encoding         : 65001

 Date: 24/04/2022 16:36:45
*/

SET NAMES utf8mb4;
SET FOREIGN_KEY_CHECKS = 0;

-- ----------------------------
-- Table structure for course
-- ----------------------------
DROP TABLE IF EXISTS `course`;
CREATE TABLE `course`  (
  `c_id` int(11) NOT NULL AUTO_INCREMENT,
  `courseNo` varchar(255) CHARACTER SET utf8 COLLATE utf8_general_ci NULL DEFAULT NULL,
  `courseName` varchar(255) CHARACTER SET utf8 COLLATE utf8_general_ci NULL DEFAULT NULL,
  `classPlace` varchar(255) CHARACTER SET utf8 COLLATE utf8_general_ci NULL DEFAULT NULL,
  `classDate` varchar(255) CHARACTER SET utf8 COLLATE utf8_general_ci NULL DEFAULT NULL,
  `startDate` datetime NULL DEFAULT NULL,
  `endDate` datetime NULL DEFAULT NULL,
  `credits` double(10, 1) NULL DEFAULT NULL,
  `optional` int(10) NULL DEFAULT NULL,
  `selected` int(255) NULL DEFAULT NULL,
  `remark` varchar(255) CHARACTER SET utf8 COLLATE utf8_general_ci NULL DEFAULT NULL,
  PRIMARY KEY (`c_id`) USING BTREE,
  INDEX `courseNo`(`courseNo`) USING BTREE
) ENGINE = InnoDB AUTO_INCREMENT = 44 CHARACTER SET = utf8 COLLATE = utf8_general_ci ROW_FORMAT = Dynamic;

-- ----------------------------
-- Records of course
-- ----------------------------
INSERT INTO `course` VALUES (0, 'GB000', '《好好学习，天天向上》', 'A6N520', '星期一', '2022-09-01 18:37:35', '2026-01-01 18:38:25', 0.0, 1, 4, '默认必选课程');
INSERT INTO `course` VALUES (1, 'GB1102', 'Java编程', 'A1N620', '星期一', '2022-01-20 00:00:00', '2022-06-30 00:00:00', 3.0, 100, 99, '学Java就对了');
INSERT INTO `course` VALUES (2, 'GB156', 'Mysql数据库', 'A5N520', '星期五', '2022-04-20 10:45:37', '2022-05-20 10:13:58', 5.0, 89, 50, 'Mysq数据库，数据库老二的地位不可撼动');
INSERT INTO `course` VALUES (3, 'GB233', 'Spring框架起步', 'A3N610', '星期三', '2022-03-28 10:45:42', '2022-04-18 10:18:35', 10.0, 100, 1, '学就对了');
INSERT INTO `course` VALUES (4, 'GB188', '如来神掌', 'A6S620', '星期一', '2022-04-18 16:35:08', '2022-06-23 16:35:21', 100.0, 1, 0, '学会可独步天下');
INSERT INTO `course` VALUES (5, 'GB888', '如何让富婆爱上你', 'A2W108', '星期三', '2022-01-18 16:37:48', '2022-04-20 16:38:07', 1.0, 20, 18, '学会即可生活无忧');
INSERT INTO `course` VALUES (6, 'GB999', '玄学', 'A1S166', '星期吴', '2022-03-12 16:39:55', '2022-04-20 16:40:10', 88.0, 10, 8, '“玄之又玄，众妙之门”');
INSERT INTO `course` VALUES (37, 'GB102', '测试数据', 'N01', '星期五', '2022-04-05 00:00:00', '2022-04-30 00:00:00', 4.0, 4, 2, '测试数据1');
INSERT INTO `course` VALUES (38, 'GB104', '测试数据2', 'N000', '星期五', '2022-04-03 00:00:00', '2022-04-30 00:00:00', 5.0, 5, 6, '测试数据2');
INSERT INTO `course` VALUES (39, 'GB103', '测试数据3', 'N000', '星期一', '2022-04-30 00:00:00', '2023-05-27 00:00:00', -2.0, 0, 0, '测试数据3');
INSERT INTO `course` VALUES (40, 'GB104', '测试数据4', 'N101', '星期一', '2022-04-30 00:00:00', '2022-05-28 00:00:00', -1.0, 0, 0, '测试数据4');
INSERT INTO `course` VALUES (41, 'GB105', '测试数据5', 'N000', '星期一', '2022-03-24 00:00:00', '2022-04-30 00:00:00', 10.0, 100, 0, '测试数据5');
INSERT INTO `course` VALUES (42, 'GB106', '测试数据6', 'S000', '星期五', '2022-03-19 00:00:00', '2022-04-30 00:00:00', 5.0, 100, 0, '测试数据6');
INSERT INTO `course` VALUES (43, NULL, NULL, NULL, NULL, NULL, NULL, 0.0, 0, 0, NULL);

-- ----------------------------
-- Table structure for tb_log
-- ----------------------------
DROP TABLE IF EXISTS `tb_log`;
CREATE TABLE `tb_log`  (
  `id` varchar(100) CHARACTER SET utf8 COLLATE utf8_general_ci NOT NULL COMMENT '主键',
  `date` datetime NULL DEFAULT NULL COMMENT '时间',
  `user_account` varchar(50) CHARACTER SET utf8 COLLATE utf8_general_ci NULL DEFAULT NULL COMMENT '用户账号',
  `user_name` varchar(50) CHARACTER SET utf8 COLLATE utf8_general_ci NULL DEFAULT NULL COMMENT '用户名',
  `url` varchar(100) CHARACTER SET utf8 COLLATE utf8_general_ci NULL DEFAULT NULL COMMENT '访问路径',
  `module` varchar(255) CHARACTER SET utf8 COLLATE utf8_general_ci NULL DEFAULT NULL COMMENT '访问的模块',
  `description` varchar(255) CHARACTER SET utf8 COLLATE utf8_general_ci NULL DEFAULT NULL COMMENT '描述',
  PRIMARY KEY (`id`) USING BTREE
) ENGINE = InnoDB CHARACTER SET = utf8 COLLATE = utf8_general_ci ROW_FORMAT = DYNAMIC;

-- ----------------------------
-- Records of tb_log
-- ----------------------------
INSERT INTO `tb_log` VALUES ('1516334307180834818', '2022-04-19 16:34:06', 'admin', 'admin', '/user/queryUser', '用户模块', '查询所有用户');
INSERT INTO `tb_log` VALUES ('1516334361090224129', '2022-04-19 16:34:18', 'admin', 'admin', '/user/queryUser', '用户模块', '查询所有用户');
INSERT INTO `tb_log` VALUES ('1516334709532028930', '2022-04-19 16:35:42', 'admin', 'admin', '/user/queryUser', '用户模块', '查询所有用户');
INSERT INTO `tb_log` VALUES ('1516334734479749122', '2022-04-19 16:35:47', 'admin', 'admin', '/user/queryUser', '用户模块', '查询所有用户');
INSERT INTO `tb_log` VALUES ('1516341068386299905', '2022-04-19 17:00:58', 'admin', 'admin', '/user/queryUser', '用户模块', '查询所有用户');
INSERT INTO `tb_log` VALUES ('1516341095280177154', '2022-04-19 17:01:04', 'admin', 'admin', '/user/queryUser', '用户模块', '查询所有用户');
INSERT INTO `tb_log` VALUES ('1516341139953709058', '2022-04-19 17:01:15', 'admin', 'admin', '/user/queryUser', '用户模块', '查询所有用户');
INSERT INTO `tb_log` VALUES ('1516341143527256066', '2022-04-19 17:01:16', 'admin', 'admin', '/user/queryUser', '用户模块', '查询所有用户');
INSERT INTO `tb_log` VALUES ('1516341155153866753', '2022-04-19 17:01:18', 'admin', 'admin', '/user/queryUser', '用户模块', '查询所有用户');
INSERT INTO `tb_log` VALUES ('1516341708865003521', '2022-04-19 17:03:30', 'admin', 'admin', '/user/queryUser', '用户模块', '查询所有用户');
INSERT INTO `tb_log` VALUES ('1516342838546259970', '2022-04-19 17:08:00', 'admin', 'admin', '/user/queryUser', '用户模块', '查询所有用户');
INSERT INTO `tb_log` VALUES ('1516344126839234561', '2022-04-19 17:13:07', 'admin', 'admin', '/user/queryUser', '用户模块', '查询所有用户');
INSERT INTO `tb_log` VALUES ('1516344139036270593', '2022-04-19 17:13:10', 'admin', 'admin', '/user/queryUser', '用户模块', '查询所有用户');
INSERT INTO `tb_log` VALUES ('1516345031152148482', '2022-04-19 17:16:42', 'admin', 'admin', '/user/queryUser', '用户模块', '查询所有用户');
INSERT INTO `tb_log` VALUES ('1516345042690678785', '2022-04-19 17:16:45', 'admin', 'admin', '/user/queryUser', '用户模块', '查询所有用户');
INSERT INTO `tb_log` VALUES ('1516349641979875329', '2022-04-19 17:35:02', 'admin', 'admin', '/user/queryUser', '用户模块', '查询所有用户');
INSERT INTO `tb_log` VALUES ('1516349683071471617', '2022-04-19 17:35:12', 'admin', 'admin', '/user/queryUser', '用户模块', '查询所有用户');
INSERT INTO `tb_log` VALUES ('1516349690591858690', '2022-04-19 17:35:13', 'admin', 'admin', '/user/queryUser', '用户模块', '查询所有用户');
INSERT INTO `tb_log` VALUES ('1516354790622232577', '2022-04-19 17:55:29', 'admin', 'admin', '/user/queryUser', '用户模块', '查询所有用户');
INSERT INTO `tb_log` VALUES ('1516354870863462402', '2022-04-19 17:55:48', 'admin', 'admin', '/user/insertUser', '用户模块', '新增一个用户');
INSERT INTO `tb_log` VALUES ('1516376310769790977', '2022-04-19 19:21:00', 'admin', 'admin', '/user/queryUser', '用户模块', '查询所有用户');
INSERT INTO `tb_log` VALUES ('1516376455116763137', '2022-04-19 19:21:34', 'admin', 'admin', '/user/queryUser', '用户模块', '查询所有用户');
INSERT INTO `tb_log` VALUES ('1516379860954521601', '2022-04-19 19:35:06', 'admin', 'admin', '/user/queryUser', '用户模块', '查询所有用户');
INSERT INTO `tb_log` VALUES ('1516380173698605058', '2022-04-19 19:36:21', 'admin', 'admin', '/user/queryUser', '用户模块', '查询所有用户');
INSERT INTO `tb_log` VALUES ('1516380636561022977', '2022-04-19 19:38:11', 'admin', 'admin', '/user/queryUser', '用户模块', '查询所有用户');
INSERT INTO `tb_log` VALUES ('1516380691598680066', '2022-04-19 19:38:25', 'admin', 'admin', '/user/queryUser', '用户模块', '查询所有用户');
INSERT INTO `tb_log` VALUES ('1516380828387516417', '2022-04-19 19:38:57', 'admin', 'admin', '/user/queryUser', '用户模块', '查询所有用户');
INSERT INTO `tb_log` VALUES ('1516385225293230082', '2022-04-19 19:56:25', 'admin', 'admin', '/user/queryUser', '用户模块', '查询所有用户');
INSERT INTO `tb_log` VALUES ('1516385696464564226', '2022-04-19 19:58:18', 'admin', 'admin', '/user/queryUser', '用户模块', '查询所有用户');
INSERT INTO `tb_log` VALUES ('1516386365254725634', '2022-04-19 20:00:57', 'admin', 'admin', '/user/queryUser', '用户模块', '查询所有用户');
INSERT INTO `tb_log` VALUES ('1516386385550962690', '2022-04-19 20:01:02', 'admin', 'admin', '/user/queryUser', '用户模块', '查询所有用户');
INSERT INTO `tb_log` VALUES ('1516386391183912962', '2022-04-19 20:01:03', 'admin', 'admin', '/user/queryUser', '用户模块', '查询所有用户');
INSERT INTO `tb_log` VALUES ('1516386395676012545', '2022-04-19 20:01:04', 'admin', 'admin', '/user/queryUser', '用户模块', '查询所有用户');
INSERT INTO `tb_log` VALUES ('1516386399211810818', '2022-04-19 20:01:05', 'admin', 'admin', '/user/queryUser', '用户模块', '查询所有用户');
INSERT INTO `tb_log` VALUES ('1516386401472540673', '2022-04-19 20:01:06', 'admin', 'admin', '/user/queryUser', '用户模块', '查询所有用户');
INSERT INTO `tb_log` VALUES ('1516386406371487745', '2022-04-19 20:01:07', 'admin', 'admin', '/user/queryUser', '用户模块', '查询所有用户');
INSERT INTO `tb_log` VALUES ('1516386521786150914', '2022-04-19 20:01:35', 'admin', 'admin', '/user/queryUser', '用户模块', '查询所有用户');
INSERT INTO `tb_log` VALUES ('1516387479366725633', '2022-04-19 20:05:23', 'admin', 'admin', '/user/queryUser', '用户模块', '查询所有用户');
INSERT INTO `tb_log` VALUES ('1516387484450222081', '2022-04-19 20:05:24', 'admin', 'admin', '/user/queryUser', '用户模块', '查询所有用户');
INSERT INTO `tb_log` VALUES ('1516387504352194561', '2022-04-19 20:05:29', 'admin', 'admin', '/user/queryUser', '用户模块', '查询所有用户');
INSERT INTO `tb_log` VALUES ('1516388781165457410', '2022-04-19 20:10:33', 'admin', 'admin', '/user/queryUser', '用户模块', '查询所有用户');
INSERT INTO `tb_log` VALUES ('1516388820252176385', '2022-04-19 20:10:43', 'admin', 'admin', '/user/queryUser', '用户模块', '查询所有用户');
INSERT INTO `tb_log` VALUES ('1516388878427172865', '2022-04-19 20:10:56', 'admin', 'admin', '/user/queryUser', '用户模块', '查询所有用户');
INSERT INTO `tb_log` VALUES ('1516388892612308994', '2022-04-19 20:11:00', 'admin', 'admin', '/user/queryUser', '用户模块', '查询所有用户');
INSERT INTO `tb_log` VALUES ('1516388954469904386', '2022-04-19 20:11:15', 'admin', 'admin', '/user/queryUser', '用户模块', '查询所有用户');
INSERT INTO `tb_log` VALUES ('1516578794733932546', '2022-04-20 08:45:36', 'admin', 'admin', '/user/queryUser', '用户模块', '查询所有用户');
INSERT INTO `tb_log` VALUES ('1516578831975157761', '2022-04-20 08:45:45', 'admin', 'admin', '/user/queryUser', '用户模块', '查询所有用户');
INSERT INTO `tb_log` VALUES ('1516578852246228994', '2022-04-20 08:45:50', 'admin', 'admin', '/user/queryUser', '用户模块', '查询所有用户');
INSERT INTO `tb_log` VALUES ('1516580521151401985', '2022-04-20 08:52:28', 'admin', 'admin', '/user/queryUser', '用户模块', '查询所有用户');
INSERT INTO `tb_log` VALUES ('1516584663450226690', '2022-04-20 09:08:55', 'admin', 'admin', '/user/queryUser', '用户模块', '查询所有用户');
INSERT INTO `tb_log` VALUES ('1516587894406483970', '2022-04-20 09:21:46', 'admin', 'admin', '/user/queryUser', '用户模块', '查询所有用户');
INSERT INTO `tb_log` VALUES ('1516590233225891842', '2022-04-20 09:31:03', 'admin', 'admin', '/user/queryUser', '用户模块', '查询所有用户');
INSERT INTO `tb_log` VALUES ('1516590332937080833', '2022-04-20 09:31:27', 'admin', 'admin', '/user/queryUser', '用户模块', '查询所有用户');
INSERT INTO `tb_log` VALUES ('1516590374200643585', '2022-04-20 09:31:37', 'admin', 'admin', '/user/queryUser', '用户模块', '查询所有用户');
INSERT INTO `tb_log` VALUES ('1516590385734979586', '2022-04-20 09:31:40', 'admin', 'admin', '/user/queryUser', '用户模块', '查询所有用户');
INSERT INTO `tb_log` VALUES ('1516590469105160193', '2022-04-20 09:31:59', 'admin', 'admin', '/user/queryUser', '用户模块', '查询所有用户');
INSERT INTO `tb_log` VALUES ('1516590501053173762', '2022-04-20 09:32:07', 'admin', 'admin', '/user/deleteUser', '用户模块', '删除一个用户');
INSERT INTO `tb_log` VALUES ('1516590509085265921', '2022-04-20 09:32:09', 'admin', 'admin', '/user/queryUser', '用户模块', '查询所有用户');
INSERT INTO `tb_log` VALUES ('1516590517889110018', '2022-04-20 09:32:11', 'admin', 'admin', '/user/queryUser', '用户模块', '查询所有用户');
INSERT INTO `tb_log` VALUES ('1516590520485384193', '2022-04-20 09:32:12', 'admin', 'admin', '/user/queryUser', '用户模块', '查询所有用户');
INSERT INTO `tb_log` VALUES ('1516590522574147585', '2022-04-20 09:32:12', 'admin', 'admin', '/user/queryUser', '用户模块', '查询所有用户');
INSERT INTO `tb_log` VALUES ('1516590523744358401', '2022-04-20 09:32:12', 'admin', 'admin', '/user/queryUser', '用户模块', '查询所有用户');
INSERT INTO `tb_log` VALUES ('1516590524780351489', '2022-04-20 09:32:13', 'admin', 'admin', '/user/queryUser', '用户模块', '查询所有用户');
INSERT INTO `tb_log` VALUES ('1516590526940418050', '2022-04-20 09:32:13', 'admin', 'admin', '/user/queryUser', '用户模块', '查询所有用户');
INSERT INTO `tb_log` VALUES ('1516590527867359234', '2022-04-20 09:32:13', 'admin', 'admin', '/user/queryUser', '用户模块', '查询所有用户');
INSERT INTO `tb_log` VALUES ('1516590529607995393', '2022-04-20 09:32:14', 'admin', 'admin', '/user/queryUser', '用户模块', '查询所有用户');
INSERT INTO `tb_log` VALUES ('1516590530526547969', '2022-04-20 09:32:14', 'admin', 'admin', '/user/queryUser', '用户模块', '查询所有用户');
INSERT INTO `tb_log` VALUES ('1516590560712953858', '2022-04-20 09:32:21', 'admin', 'admin', '/user/queryUser', '用户模块', '查询所有用户');
INSERT INTO `tb_log` VALUES ('1516590564026454017', '2022-04-20 09:32:22', 'admin', 'admin', '/user/queryUser', '用户模块', '查询所有用户');
INSERT INTO `tb_log` VALUES ('1516591965951594498', '2022-04-20 09:37:56', 'admin', 'admin', '/user/insertUser', '用户模块', '新增一个用户');
INSERT INTO `tb_log` VALUES ('1516591995940868097', '2022-04-20 09:38:03', 'admin', 'admin', '/user/queryUser', '用户模块', '查询所有用户');
INSERT INTO `tb_log` VALUES ('1516592017071771650', '2022-04-20 09:38:08', 'admin', 'admin', '/user/deleteUser', '用户模块', '删除一个用户');
INSERT INTO `tb_log` VALUES ('1516592021698088961', '2022-04-20 09:38:10', 'admin', 'admin', '/user/queryUser', '用户模块', '查询所有用户');
INSERT INTO `tb_log` VALUES ('1516592025804312578', '2022-04-20 09:38:11', 'admin', 'admin', '/user/queryUser', '用户模块', '查询所有用户');
INSERT INTO `tb_log` VALUES ('1516592029784707074', '2022-04-20 09:38:11', 'admin', 'admin', '/user/queryUser', '用户模块', '查询所有用户');
INSERT INTO `tb_log` VALUES ('1516592032125128706', '2022-04-20 09:38:12', 'admin', 'admin', '/user/queryUser', '用户模块', '查询所有用户');
INSERT INTO `tb_log` VALUES ('1516592034025148417', '2022-04-20 09:38:12', 'admin', 'admin', '/user/queryUser', '用户模块', '查询所有用户');
INSERT INTO `tb_log` VALUES ('1516592169899626498', '2022-04-20 09:38:45', 'admin', 'admin', '/user/queryUser', '用户模块', '查询所有用户');
INSERT INTO `tb_log` VALUES ('1516592234227666945', '2022-04-20 09:39:00', 'admin', 'admin', '/user/insertUser', '用户模块', '新增一个用户');
INSERT INTO `tb_log` VALUES ('1516592238153535490', '2022-04-20 09:39:01', 'admin', 'admin', '/user/queryUser', '用户模块', '查询所有用户');
INSERT INTO `tb_log` VALUES ('1516592252229619714', '2022-04-20 09:39:05', 'admin', 'admin', '/user/deleteUser', '用户模块', '删除一个用户');
INSERT INTO `tb_log` VALUES ('1516592256528781314', '2022-04-20 09:39:06', 'admin', 'admin', '/user/queryUser', '用户模块', '查询所有用户');
INSERT INTO `tb_log` VALUES ('1516592259980693506', '2022-04-20 09:39:06', 'admin', 'admin', '/user/queryUser', '用户模块', '查询所有用户');
INSERT INTO `tb_log` VALUES ('1516592262417584130', '2022-04-20 09:39:07', 'admin', 'admin', '/user/queryUser', '用户模块', '查询所有用户');
INSERT INTO `tb_log` VALUES ('1516592263327748097', '2022-04-20 09:39:07', 'admin', 'admin', '/user/queryUser', '用户模块', '查询所有用户');
INSERT INTO `tb_log` VALUES ('1516592322324828162', '2022-04-20 09:39:21', 'admin', 'admin', '/user/queryUser', '用户模块', '查询所有用户');
INSERT INTO `tb_log` VALUES ('1516592357372432385', '2022-04-20 09:39:30', 'admin', 'admin', '/user/insertUser', '用户模块', '新增一个用户');
INSERT INTO `tb_log` VALUES ('1516592360367165441', '2022-04-20 09:39:30', 'admin', 'admin', '/user/queryUser', '用户模块', '查询所有用户');
INSERT INTO `tb_log` VALUES ('1516592377408622594', '2022-04-20 09:39:34', 'admin', 'admin', '/user/deleteUser', '用户模块', '删除一个用户');
INSERT INTO `tb_log` VALUES ('1516592382521479169', '2022-04-20 09:39:36', 'admin', 'admin', '/user/queryUser', '用户模块', '查询所有用户');
INSERT INTO `tb_log` VALUES ('1516592385323274242', '2022-04-20 09:39:36', 'admin', 'admin', '/user/queryUser', '用户模块', '查询所有用户');
INSERT INTO `tb_log` VALUES ('1516592386820640770', '2022-04-20 09:39:37', 'admin', 'admin', '/user/queryUser', '用户模块', '查询所有用户');
INSERT INTO `tb_log` VALUES ('1516592387995045889', '2022-04-20 09:39:37', 'admin', 'admin', '/user/queryUser', '用户模块', '查询所有用户');
INSERT INTO `tb_log` VALUES ('1516592389081370626', '2022-04-20 09:39:37', 'admin', 'admin', '/user/queryUser', '用户模块', '查询所有用户');
INSERT INTO `tb_log` VALUES ('1516592390582931457', '2022-04-20 09:39:38', 'admin', 'admin', '/user/queryUser', '用户模块', '查询所有用户');
INSERT INTO `tb_log` VALUES ('1516592391623118850', '2022-04-20 09:39:38', 'admin', 'admin', '/user/queryUser', '用户模块', '查询所有用户');
INSERT INTO `tb_log` VALUES ('1516592435906580481', '2022-04-20 09:39:48', 'admin', 'admin', '/user/insertUser', '用户模块', '新增一个用户');
INSERT INTO `tb_log` VALUES ('1516592439694036993', '2022-04-20 09:39:49', 'admin', 'admin', '/user/queryUser', '用户模块', '查询所有用户');
INSERT INTO `tb_log` VALUES ('1516592473982472193', '2022-04-20 09:39:57', 'admin', 'admin', '/user/deleteUser', '用户模块', '删除一个用户');
INSERT INTO `tb_log` VALUES ('1516592477912535041', '2022-04-20 09:39:58', 'admin', 'admin', '/user/queryUser', '用户模块', '查询所有用户');
INSERT INTO `tb_log` VALUES ('1516592479539924994', '2022-04-20 09:39:59', 'admin', 'admin', '/user/queryUser', '用户模块', '查询所有用户');
INSERT INTO `tb_log` VALUES ('1516592480718524418', '2022-04-20 09:39:59', 'admin', 'admin', '/user/queryUser', '用户模块', '查询所有用户');
INSERT INTO `tb_log` VALUES ('1516592851629215746', '2022-04-20 09:41:27', 'admin', 'admin', '/user/queryUser', '用户模块', '查询所有用户');
INSERT INTO `tb_log` VALUES ('1516592853973831681', '2022-04-20 09:41:28', 'admin', 'admin', '/user/queryUser', '用户模块', '查询所有用户');
INSERT INTO `tb_log` VALUES ('1516592855655747585', '2022-04-20 09:41:28', 'admin', 'admin', '/user/queryUser', '用户模块', '查询所有用户');
INSERT INTO `tb_log` VALUES ('1516592857367023618', '2022-04-20 09:41:29', 'admin', 'admin', '/user/queryUser', '用户模块', '查询所有用户');
INSERT INTO `tb_log` VALUES ('1516592859451592706', '2022-04-20 09:41:29', 'admin', 'admin', '/user/queryUser', '用户模块', '查询所有用户');
INSERT INTO `tb_log` VALUES ('1516595713079873538', '2022-04-20 09:52:50', 'admin', 'admin', '/user/queryUser', '用户模块', '查询所有用户');
INSERT INTO `tb_log` VALUES ('1516595794348707842', '2022-04-20 09:53:09', 'admin', 'admin', '/user/queryUser', '用户模块', '查询所有用户');
INSERT INTO `tb_log` VALUES ('1516611138186477569', '2022-04-20 10:54:07', 'admin', 'admin', '/user/queryUser', '用户模块', '查询所有用户');
INSERT INTO `tb_log` VALUES ('1516613843332108290', '2022-04-20 11:04:52', 'admin', 'admin', '/user/queryUser', '用户模块', '查询所有用户');
INSERT INTO `tb_log` VALUES ('1516614923734523906', '2022-04-20 11:09:10', 'admin', 'admin', '/user/queryUser', '用户模块', '查询所有用户');
INSERT INTO `tb_log` VALUES ('1516615504180121602', '2022-04-20 11:11:28', 'admin', 'admin', '/user/queryUser', '用户模块', '查询所有用户');
INSERT INTO `tb_log` VALUES ('1516615581623750658', '2022-04-20 11:11:47', 'admin', 'admin', '/user/queryUser', '用户模块', '查询所有用户');
INSERT INTO `tb_log` VALUES ('1516616035556401153', '2022-04-20 11:13:35', 'admin', 'admin', '/user/queryUser', '用户模块', '查询所有用户');
INSERT INTO `tb_log` VALUES ('1516616100127711233', '2022-04-20 11:13:50', 'admin', 'admin', '/user/deleteUser', '用户模块', '删除一个用户');
INSERT INTO `tb_log` VALUES ('1516616130058264578', '2022-04-20 11:13:57', 'admin', 'admin', '/user/queryUser', '用户模块', '查询所有用户');
INSERT INTO `tb_log` VALUES ('1516616190171029506', '2022-04-20 11:14:12', 'admin', 'admin', '/user/insertUser', '用户模块', '新增一个用户');
INSERT INTO `tb_log` VALUES ('1516616193232871425', '2022-04-20 11:14:12', 'admin', 'admin', '/user/queryUser', '用户模块', '查询所有用户');
INSERT INTO `tb_log` VALUES ('1516616197393620994', '2022-04-20 11:14:13', 'admin', 'admin', '/user/queryUser', '用户模块', '查询所有用户');
INSERT INTO `tb_log` VALUES ('1516616198429614081', '2022-04-20 11:14:14', 'admin', 'admin', '/user/queryUser', '用户模块', '查询所有用户');
INSERT INTO `tb_log` VALUES ('1516616206113579009', '2022-04-20 11:14:16', 'admin', 'admin', '/user/deleteUser', '用户模块', '删除一个用户');
INSERT INTO `tb_log` VALUES ('1516616211117383681', '2022-04-20 11:14:17', 'admin', 'admin', '/user/queryUser', '用户模块', '查询所有用户');
INSERT INTO `tb_log` VALUES ('1516616212526669825', '2022-04-20 11:14:17', 'admin', 'admin', '/user/queryUser', '用户模块', '查询所有用户');
INSERT INTO `tb_log` VALUES ('1516616213638160385', '2022-04-20 11:14:17', 'admin', 'admin', '/user/queryUser', '用户模块', '查询所有用户');
INSERT INTO `tb_log` VALUES ('1516616214556712962', '2022-04-20 11:14:18', 'admin', 'admin', '/user/queryUser', '用户模块', '查询所有用户');
INSERT INTO `tb_log` VALUES ('1516617728926994434', '2022-04-20 11:20:19', 'admin', 'admin', '/user/queryUser', '用户模块', '查询所有用户');
INSERT INTO `tb_log` VALUES ('1516617737516929025', '2022-04-20 11:20:21', 'admin', 'admin', '/user/queryUser', '用户模块', '查询所有用户');
INSERT INTO `tb_log` VALUES ('1516617809117892610', '2022-04-20 11:20:38', 'admin', 'admin', '/user/deleteUser', '用户模块', '删除一个用户');
INSERT INTO `tb_log` VALUES ('1516617813547077633', '2022-04-20 11:20:39', 'admin', 'admin', '/user/queryUser', '用户模块', '查询所有用户');
INSERT INTO `tb_log` VALUES ('1516617815950413825', '2022-04-20 11:20:39', 'admin', 'admin', '/user/queryUser', '用户模块', '查询所有用户');
INSERT INTO `tb_log` VALUES ('1516618092430544898', '2022-04-20 11:21:45', 'admin', 'admin', '/user/queryUser', '用户模块', '查询所有用户');
INSERT INTO `tb_log` VALUES ('1516618153507999746', '2022-04-20 11:22:00', 'admin', 'admin', '/user/queryUser', '用户模块', '查询所有用户');
INSERT INTO `tb_log` VALUES ('1516618156502732802', '2022-04-20 11:22:01', 'admin', 'admin', '/user/queryUser', '用户模块', '查询所有用户');
INSERT INTO `tb_log` VALUES ('1516619029920350209', '2022-04-20 11:25:29', 'admin', 'admin', '/user/queryUser', '用户模块', '查询所有用户');
INSERT INTO `tb_log` VALUES ('1516619052385042433', '2022-04-20 11:25:34', 'admin', 'admin', '/user/queryUser', '用户模块', '查询所有用户');
INSERT INTO `tb_log` VALUES ('1516619053425229825', '2022-04-20 11:25:34', 'admin', 'admin', '/user/queryUser', '用户模块', '查询所有用户');
INSERT INTO `tb_log` VALUES ('1516619758554853378', '2022-04-20 11:28:23', 'admin', 'admin', '/user/queryUser', '用户模块', '查询所有用户');
INSERT INTO `tb_log` VALUES ('1516619766243012610', '2022-04-20 11:28:24', 'admin', 'admin', '/user/queryUser', '用户模块', '查询所有用户');
INSERT INTO `tb_log` VALUES ('1516620016152272897', '2022-04-20 11:29:24', 'admin', 'admin', '/user/queryUser', '用户模块', '查询所有用户');
INSERT INTO `tb_log` VALUES ('1516621000127614977', '2022-04-20 11:33:19', 'admin', 'admin', '/user/queryUser', '用户模块', '查询所有用户');
INSERT INTO `tb_log` VALUES ('1516621015701065730', '2022-04-20 11:33:22', 'admin', 'admin', '/user/queryUser', '用户模块', '查询所有用户');
INSERT INTO `tb_log` VALUES ('1516621043437998081', '2022-04-20 11:33:29', 'admin', 'admin', '/user/queryUser', '用户模块', '查询所有用户');
INSERT INTO `tb_log` VALUES ('1516621068645765121', '2022-04-20 11:33:35', 'admin', 'admin', '/user/queryUser', '用户模块', '查询所有用户');
INSERT INTO `tb_log` VALUES ('1516621361672466433', '2022-04-20 11:34:45', 'admin', 'admin', '/user/queryUser', '用户模块', '查询所有用户');
INSERT INTO `tb_log` VALUES ('1516621378911055873', '2022-04-20 11:34:49', 'admin', 'admin', '/user/queryUser', '用户模块', '查询所有用户');
INSERT INTO `tb_log` VALUES ('1516621563938598913', '2022-04-20 11:35:33', 'admin', 'admin', '/user/queryUser', '用户模块', '查询所有用户');
INSERT INTO `tb_log` VALUES ('1516622203494342657', '2022-04-20 11:38:05', 'admin', 'admin', '/user/queryUser', '用户模块', '查询所有用户');
INSERT INTO `tb_log` VALUES ('1516622214856712194', '2022-04-20 11:38:08', 'admin', 'admin', '/user/queryUser', '用户模块', '查询所有用户');
INSERT INTO `tb_log` VALUES ('1516622262956990466', '2022-04-20 11:38:20', 'admin', 'admin', '/user/queryUser', '用户模块', '查询所有用户');
INSERT INTO `tb_log` VALUES ('1516622539982385153', '2022-04-20 11:39:26', 'admin', 'admin', '/user/queryUser', '用户模块', '查询所有用户');
INSERT INTO `tb_log` VALUES ('1516622544419958785', '2022-04-20 11:39:27', 'admin', 'admin', '/user/queryUser', '用户模块', '查询所有用户');
INSERT INTO `tb_log` VALUES ('1516622570122653698', '2022-04-20 11:39:33', 'admin', 'admin', '/user/queryUser', '用户模块', '查询所有用户');
INSERT INTO `tb_log` VALUES ('1516622738142310402', '2022-04-20 11:40:13', 'admin', 'admin', '/user/queryUser', '用户模块', '查询所有用户');
INSERT INTO `tb_log` VALUES ('1516622749735366657', '2022-04-20 11:40:16', 'admin', 'admin', '/user/queryUser', '用户模块', '查询所有用户');
INSERT INTO `tb_log` VALUES ('1516623462217662466', '2022-04-20 11:43:06', 'admin', 'admin', '/user/queryUser', '用户模块', '查询所有用户');
INSERT INTO `tb_log` VALUES ('1516623473462591490', '2022-04-20 11:43:08', 'admin', 'admin', '/user/queryUser', '用户模块', '查询所有用户');
INSERT INTO `tb_log` VALUES ('1516624099923783681', '2022-04-20 11:45:38', 'admin', 'admin', '/user/queryUser', '用户模块', '查询所有用户');
INSERT INTO `tb_log` VALUES ('1516624134459682817', '2022-04-20 11:45:46', 'admin', 'admin', '/user/queryUser', '用户模块', '查询所有用户');
INSERT INTO `tb_log` VALUES ('1516624728821915649', '2022-04-20 11:48:08', 'admin', 'admin', '/user/queryUser', '用户模块', '查询所有用户');
INSERT INTO `tb_log` VALUES ('1516624744697356289', '2022-04-20 11:48:11', 'admin', 'admin', '/user/queryUser', '用户模块', '查询所有用户');
INSERT INTO `tb_log` VALUES ('1516625725220745217', '2022-04-20 11:52:05', 'admin', 'admin', '/user/queryUser', '用户模块', '查询所有用户');
INSERT INTO `tb_log` VALUES ('1516625734779564033', '2022-04-20 11:52:07', 'admin', 'admin', '/user/queryUser', '用户模块', '查询所有用户');
INSERT INTO `tb_log` VALUES ('1516627013484490754', '2022-04-20 11:57:12', 'admin', 'admin', '/user/queryUser', '用户模块', '查询所有用户');
INSERT INTO `tb_log` VALUES ('1516627260810014721', '2022-04-20 11:58:11', 'admin', 'admin', '/user/queryUser', '用户模块', '查询所有用户');
INSERT INTO `tb_log` VALUES ('1516628466055802881', '2022-04-20 12:02:58', 'admin', 'admin', '/user/queryUser', '用户模块', '查询所有用户');
INSERT INTO `tb_log` VALUES ('1516628477237817346', '2022-04-20 12:03:01', 'admin', 'admin', '/user/queryUser', '用户模块', '查询所有用户');
INSERT INTO `tb_log` VALUES ('1516629619376238593', '2022-04-20 12:07:34', 'admin', 'admin', '/user/queryUser', '用户模块', '查询所有用户');
INSERT INTO `tb_log` VALUES ('1516629630365315074', '2022-04-20 12:07:36', 'admin', 'admin', '/user/queryUser', '用户模块', '查询所有用户');
INSERT INTO `tb_log` VALUES ('1516630879374450690', '2022-04-20 12:12:34', 'admin', 'admin', '/user/queryUser', '用户模块', '查询所有用户');
INSERT INTO `tb_log` VALUES ('1516630896151666689', '2022-04-20 12:12:38', 'admin', 'admin', '/user/queryUser', '用户模块', '查询所有用户');
INSERT INTO `tb_log` VALUES ('1516630919123869698', '2022-04-20 12:12:43', 'admin', 'admin', '/user/queryUser', '用户模块', '查询所有用户');
INSERT INTO `tb_log` VALUES ('1516631142176944130', '2022-04-20 12:13:37', 'admin', 'admin', '/user/queryUser', '用户模块', '查询所有用户');
INSERT INTO `tb_log` VALUES ('1516631434687787009', '2022-04-20 12:14:46', 'admin', 'admin', '/user/queryUser', '用户模块', '查询所有用户');
INSERT INTO `tb_log` VALUES ('1516631464475734017', '2022-04-20 12:14:53', 'admin', 'admin', '/user/queryUser', '用户模块', '查询所有用户');
INSERT INTO `tb_log` VALUES ('1516631483731783681', '2022-04-20 12:14:58', 'admin', 'admin', '/user/queryUser', '用户模块', '查询所有用户');
INSERT INTO `tb_log` VALUES ('1516633187646726146', '2022-04-20 12:21:44', 'admin', 'admin', '/user/queryUser', '用户模块', '查询所有用户');
INSERT INTO `tb_log` VALUES ('1516634096640557057', '2022-04-20 12:25:21', 'admin', 'admin', '/user/queryUser', '用户模块', '查询所有用户');
INSERT INTO `tb_log` VALUES ('1516634956401573889', '2022-04-20 12:28:46', 'admin', 'admin', '/user/queryUser', '用户模块', '查询所有用户');
INSERT INTO `tb_log` VALUES ('1516635131639595010', '2022-04-20 12:29:28', 'admin', 'admin', '/user/queryUser', '用户模块', '查询所有用户');
INSERT INTO `tb_log` VALUES ('1516636281373745154', '2022-04-20 12:34:02', 'admin', 'admin', '/user/queryUser', '用户模块', '查询所有用户');
INSERT INTO `tb_log` VALUES ('1516636855167176705', '2022-04-20 12:36:19', 'admin', 'admin', '/user/queryUser', '用户模块', '查询所有用户');
INSERT INTO `tb_log` VALUES ('1516636894174203906', '2022-04-20 12:36:28', 'admin', 'admin', '/user/queryUser', '用户模块', '查询所有用户');
INSERT INTO `tb_log` VALUES ('1516637366981279745', '2022-04-20 12:38:21', 'admin', 'admin', '/user/queryUser', '用户模块', '查询所有用户');
INSERT INTO `tb_log` VALUES ('1516637443862872065', '2022-04-20 12:38:39', 'admin', 'admin', '/user/queryUser', '用户模块', '查询所有用户');
INSERT INTO `tb_log` VALUES ('1516637548724654081', '2022-04-20 12:39:04', 'admin', 'admin', '/user/queryUser', '用户模块', '查询所有用户');
INSERT INTO `tb_log` VALUES ('1516637580236460033', '2022-04-20 12:39:12', 'admin', 'admin', '/user/queryUser', '用户模块', '查询所有用户');
INSERT INTO `tb_log` VALUES ('1516646954988236802', '2022-04-20 13:16:27', 'admin', 'admin', '/user/queryUser', '用户模块', '查询所有用户');
INSERT INTO `tb_log` VALUES ('1516646966392549378', '2022-04-20 13:16:29', 'admin', 'admin', '/user/queryUser', '用户模块', '查询所有用户');
INSERT INTO `tb_log` VALUES ('1516647013695909889', '2022-04-20 13:16:41', 'admin', 'admin', '/user/queryUser', '用户模块', '查询所有用户');
INSERT INTO `tb_log` VALUES ('1516647034407383041', '2022-04-20 13:16:46', 'admin', 'admin', '/user/queryUser', '用户模块', '查询所有用户');
INSERT INTO `tb_log` VALUES ('1516647533214998530', '2022-04-20 13:18:44', 'admin', 'admin', '/user/queryUser', '用户模块', '查询所有用户');
INSERT INTO `tb_log` VALUES ('1516647562671595522', '2022-04-20 13:18:52', 'admin', 'admin', '/user/queryUser', '用户模块', '查询所有用户');
INSERT INTO `tb_log` VALUES ('1516647625833619458', '2022-04-20 13:19:07', 'admin', 'admin', '/user/queryUser', '用户模块', '查询所有用户');
INSERT INTO `tb_log` VALUES ('1516647751285329922', '2022-04-20 13:19:36', 'admin', 'admin', '/user/queryUser', '用户模块', '查询所有用户');
INSERT INTO `tb_log` VALUES ('1516648012250611714', '2022-04-20 13:20:39', 'admin', 'admin', '/user/queryUser', '用户模块', '查询所有用户');
INSERT INTO `tb_log` VALUES ('1516648234267729922', '2022-04-20 13:21:32', 'admin', 'admin', '/user/queryUser', '用户模块', '查询所有用户');
INSERT INTO `tb_log` VALUES ('1516648261811724290', '2022-04-20 13:21:38', 'admin', 'admin', '/user/queryUser', '用户模块', '查询所有用户');
INSERT INTO `tb_log` VALUES ('1516648611994259457', '2022-04-20 13:23:02', 'admin', 'admin', '/user/queryUser', '用户模块', '查询所有用户');
INSERT INTO `tb_log` VALUES ('1516648754420129793', '2022-04-20 13:23:36', 'admin', 'admin', '/user/queryUser', '用户模块', '查询所有用户');
INSERT INTO `tb_log` VALUES ('1516648897466888193', '2022-04-20 13:24:10', 'admin', 'admin', '/user/queryUser', '用户模块', '查询所有用户');
INSERT INTO `tb_log` VALUES ('1516648976546357250', '2022-04-20 13:24:29', 'admin', 'admin', '/user/queryUser', '用户模块', '查询所有用户');
INSERT INTO `tb_log` VALUES ('1516649062391099393', '2022-04-20 13:24:49', 'admin', 'admin', '/user/queryUser', '用户模块', '查询所有用户');
INSERT INTO `tb_log` VALUES ('1516649218951991297', '2022-04-20 13:25:26', 'admin', 'admin', '/user/queryUser', '用户模块', '查询所有用户');
INSERT INTO `tb_log` VALUES ('1516649464314519554', '2022-04-20 13:26:25', 'admin', 'admin', '/user/queryUser', '用户模块', '查询所有用户');
INSERT INTO `tb_log` VALUES ('1516649697886982145', '2022-04-20 13:27:21', 'admin', 'admin', '/user/queryUser', '用户模块', '查询所有用户');
INSERT INTO `tb_log` VALUES ('1516649737070170114', '2022-04-20 13:27:30', 'admin', 'admin', '/user/queryUser', '用户模块', '查询所有用户');
INSERT INTO `tb_log` VALUES ('1516649848009424898', '2022-04-20 13:27:56', 'admin', 'admin', '/user/queryUser', '用户模块', '查询所有用户');
INSERT INTO `tb_log` VALUES ('1516650816377720833', '2022-04-20 13:31:47', 'admin', 'admin', '/user/queryUser', '用户模块', '查询所有用户');
INSERT INTO `tb_log` VALUES ('1516650845624602626', '2022-04-20 13:31:54', 'admin', 'admin', '/user/queryUser', '用户模块', '查询所有用户');
INSERT INTO `tb_log` VALUES ('1516650863987265537', '2022-04-20 13:31:59', 'admin', 'admin', '/user/queryUser', '用户模块', '查询所有用户');
INSERT INTO `tb_log` VALUES ('1516650875274137602', '2022-04-20 13:32:01', 'admin', 'admin', '/user/queryUser', '用户模块', '查询所有用户');
INSERT INTO `tb_log` VALUES ('1516651035194585089', '2022-04-20 13:32:39', 'admin', 'admin', '/user/queryUser', '用户模块', '查询所有用户');
INSERT INTO `tb_log` VALUES ('1516651167281623042', '2022-04-20 13:33:11', 'admin', 'admin', '/user/queryUser', '用户模块', '查询所有用户');
INSERT INTO `tb_log` VALUES ('1516651207341420545', '2022-04-20 13:33:21', 'admin', 'admin', '/user/queryUser', '用户模块', '查询所有用户');
INSERT INTO `tb_log` VALUES ('1516651590319198209', '2022-04-20 13:34:52', 'admin', 'admin', '/user/queryUser', '用户模块', '查询所有用户');
INSERT INTO `tb_log` VALUES ('1516651647605002241', '2022-04-20 13:35:05', 'admin', 'admin', '/user/queryUser', '用户模块', '查询所有用户');
INSERT INTO `tb_log` VALUES ('1516653877473132546', '2022-04-20 13:43:57', 'admin', 'admin', '/user/queryUser', '用户模块', '查询所有用户');
INSERT INTO `tb_log` VALUES ('1516653907714064385', '2022-04-20 13:44:04', 'admin', 'admin', '/user/queryUser', '用户模块', '查询所有用户');
INSERT INTO `tb_log` VALUES ('1516654098798186497', '2022-04-20 13:44:50', 'admin', 'admin', '/user/queryUser', '用户模块', '查询所有用户');
INSERT INTO `tb_log` VALUES ('1516654110986833922', '2022-04-20 13:44:53', 'admin', 'admin', '/user/queryUser', '用户模块', '查询所有用户');
INSERT INTO `tb_log` VALUES ('1516654686046793730', '2022-04-20 13:47:10', 'admin', 'admin', '/user/queryUser', '用户模块', '查询所有用户');
INSERT INTO `tb_log` VALUES ('1516654822844014593', '2022-04-20 13:47:42', 'admin', 'admin', '/user/queryUser', '用户模块', '查询所有用户');
INSERT INTO `tb_log` VALUES ('1516654848836116481', '2022-04-20 13:47:49', 'admin', 'admin', '/user/queryUser', '用户模块', '查询所有用户');
INSERT INTO `tb_log` VALUES ('1516655201627443201', '2022-04-20 13:49:13', 'admin', 'admin', '/user/queryUser', '用户模块', '查询所有用户');
INSERT INTO `tb_log` VALUES ('1516655220136906754', '2022-04-20 13:49:17', 'admin', 'admin', '/user/queryUser', '用户模块', '查询所有用户');
INSERT INTO `tb_log` VALUES ('1516655232929533954', '2022-04-20 13:49:20', 'admin', 'admin', '/user/queryUser', '用户模块', '查询所有用户');
INSERT INTO `tb_log` VALUES ('1516655411263025154', '2022-04-20 13:50:03', 'admin', 'admin', '/user/queryUser', '用户模块', '查询所有用户');
INSERT INTO `tb_log` VALUES ('1516655424961622018', '2022-04-20 13:50:06', 'admin', 'admin', '/user/queryUser', '用户模块', '查询所有用户');
INSERT INTO `tb_log` VALUES ('1516655440006590466', '2022-04-20 13:50:10', 'admin', 'admin', '/user/queryUser', '用户模块', '查询所有用户');
INSERT INTO `tb_log` VALUES ('1516655776599486465', '2022-04-20 13:51:30', 'admin', 'admin', '/user/queryUser', '用户模块', '查询所有用户');
INSERT INTO `tb_log` VALUES ('1516655790532964354', '2022-04-20 13:51:33', 'admin', 'admin', '/user/queryUser', '用户模块', '查询所有用户');
INSERT INTO `tb_log` VALUES ('1516655856798736386', '2022-04-20 13:51:49', 'admin', 'admin', '/user/queryUser', '用户模块', '查询所有用户');
INSERT INTO `tb_log` VALUES ('1516657789974450178', '2022-04-20 13:59:30', 'admin', 'admin', '/user/queryUser', '用户模块', '查询所有用户');
INSERT INTO `tb_log` VALUES ('1516657810904027137', '2022-04-20 13:59:35', 'admin', 'admin', '/user/queryUser', '用户模块', '查询所有用户');
INSERT INTO `tb_log` VALUES ('1516658033709568002', '2022-04-20 14:00:28', 'admin', 'admin', '/user/queryUser', '用户模块', '查询所有用户');
INSERT INTO `tb_log` VALUES ('1516658062440550402', '2022-04-20 14:00:35', 'admin', 'admin', '/user/queryUser', '用户模块', '查询所有用户');
INSERT INTO `tb_log` VALUES ('1516658079112908801', '2022-04-20 14:00:39', 'admin', 'admin', '/user/queryUser', '用户模块', '查询所有用户');
INSERT INTO `tb_log` VALUES ('1516658541513949185', '2022-04-20 14:02:29', 'admin', 'admin', '/user/queryUser', '用户模块', '查询所有用户');
INSERT INTO `tb_log` VALUES ('1516658591522635778', '2022-04-20 14:02:41', 'admin', 'admin', '/user/queryUser', '用户模块', '查询所有用户');
INSERT INTO `tb_log` VALUES ('1516663538934902785', '2022-04-20 14:22:21', 'admin', 'admin', '/user/queryUser', '用户模块', '查询所有用户');
INSERT INTO `tb_log` VALUES ('1516664082827177985', '2022-04-20 14:24:30', 'admin', 'admin', '/user/queryUser', '用户模块', '查询所有用户');
INSERT INTO `tb_log` VALUES ('1516664192793440258', '2022-04-20 14:24:56', 'admin', 'admin', '/user/queryUser', '用户模块', '查询所有用户');
INSERT INTO `tb_log` VALUES ('1516664206106161153', '2022-04-20 14:25:00', 'admin', 'admin', '/user/queryUser', '用户模块', '查询所有用户');
INSERT INTO `tb_log` VALUES ('1516664402030399490', '2022-04-20 14:25:46', 'admin', 'admin', '/user/queryUser', '用户模块', '查询所有用户');
INSERT INTO `tb_log` VALUES ('1516664859415048194', '2022-04-20 14:27:35', 'admin', 'admin', '/user/queryUser', '用户模块', '查询所有用户');
INSERT INTO `tb_log` VALUES ('1516666847800332290', '2022-04-20 14:35:29', 'admin', 'admin', '/user/queryUser', '用户模块', '查询所有用户');
INSERT INTO `tb_log` VALUES ('1516676707279552513', '2022-04-20 15:14:40', 'admin', 'admin', '/user/queryUser', '用户模块', '查询所有用户');
INSERT INTO `tb_log` VALUES ('1516676729341591553', '2022-04-20 15:14:45', 'admin', 'admin', '/user/queryUser', '用户模块', '查询所有用户');
INSERT INTO `tb_log` VALUES ('1516676746932502529', '2022-04-20 15:14:50', 'admin', 'admin', '/user/queryUser', '用户模块', '查询所有用户');
INSERT INTO `tb_log` VALUES ('1516679016285847553', '2022-04-20 15:23:51', 'admin', 'admin', '/user/queryUser', '用户模块', '查询所有用户');
INSERT INTO `tb_log` VALUES ('1516682911938572290', '2022-04-20 15:39:19', 'admin', 'admin', '/user/queryUser', '用户模块', '查询所有用户');
INSERT INTO `tb_log` VALUES ('1516682922722127873', '2022-04-20 15:39:22', 'admin', 'admin', '/user/queryUser', '用户模块', '查询所有用户');
INSERT INTO `tb_log` VALUES ('1516682954447843329', '2022-04-20 15:39:30', 'admin', 'admin', '/user/queryUser', '用户模块', '查询所有用户');
INSERT INTO `tb_log` VALUES ('1516683983738425345', '2022-04-20 15:43:35', 'admin', 'admin', '/user/queryUser', '用户模块', '查询所有用户');
INSERT INTO `tb_log` VALUES ('1516683998770810881', '2022-04-20 15:43:39', 'admin', 'admin', '/user/queryUser', '用户模块', '查询所有用户');
INSERT INTO `tb_log` VALUES ('1516684027988332546', '2022-04-20 15:43:46', 'admin', 'admin', '/user/queryUser', '用户模块', '查询所有用户');
INSERT INTO `tb_log` VALUES ('1516684041363968001', '2022-04-20 15:43:49', 'admin', 'admin', '/user/queryUser', '用户模块', '查询所有用户');
INSERT INTO `tb_log` VALUES ('1516684220372664322', '2022-04-20 15:44:31', 'admin', 'admin', '/user/queryUser', '用户模块', '查询所有用户');
INSERT INTO `tb_log` VALUES ('1516684320759136258', '2022-04-20 15:44:55', 'admin', 'admin', '/user/queryUser', '用户模块', '查询所有用户');
INSERT INTO `tb_log` VALUES ('1516684447221661698', '2022-04-20 15:45:25', 'admin', 'admin', '/user/queryUser', '用户模块', '查询所有用户');
INSERT INTO `tb_log` VALUES ('1516686237937786882', '2022-04-20 15:52:32', 'admin', 'admin', '/user/queryUser', '用户模块', '查询所有用户');
INSERT INTO `tb_log` VALUES ('1516686254333321217', '2022-04-20 15:52:36', 'admin', 'admin', '/user/queryUser', '用户模块', '查询所有用户');
INSERT INTO `tb_log` VALUES ('1516686282095419393', '2022-04-20 15:52:43', 'admin', 'admin', '/user/queryUser', '用户模块', '查询所有用户');
INSERT INTO `tb_log` VALUES ('1516687778878889985', '2022-04-20 15:58:40', 'admin', 'admin', '/user/queryUser', '用户模块', '查询所有用户');
INSERT INTO `tb_log` VALUES ('1516688910577639425', '2022-04-20 16:03:10', 'admin', 'admin', '/user/queryUser', '用户模块', '查询所有用户');
INSERT INTO `tb_log` VALUES ('1516688929661722625', '2022-04-20 16:03:14', 'admin', 'admin', '/user/queryUser', '用户模块', '查询所有用户');
INSERT INTO `tb_log` VALUES ('1516690837440839681', '2022-04-20 16:10:49', 'admin', 'admin', '/user/queryUser', '用户模块', '查询所有用户');
INSERT INTO `tb_log` VALUES ('1516690999361961986', '2022-04-20 16:11:28', 'admin', 'admin', '/user/queryUser', '用户模块', '查询所有用户');
INSERT INTO `tb_log` VALUES ('1516691435150180353', '2022-04-20 16:13:12', 'admin', 'admin', '/user/queryUser', '用户模块', '查询所有用户');
INSERT INTO `tb_log` VALUES ('1516691539777060866', '2022-04-20 16:13:36', 'admin', 'admin', '/user/queryUser', '用户模块', '查询所有用户');
INSERT INTO `tb_log` VALUES ('1516691847265718274', '2022-04-20 16:14:50', 'admin', 'admin', '/user/queryUser', '用户模块', '查询所有用户');
INSERT INTO `tb_log` VALUES ('1516691882791473154', '2022-04-20 16:14:58', 'admin', 'admin', '/user/queryUser', '用户模块', '查询所有用户');
INSERT INTO `tb_log` VALUES ('1516694189339852801', '2022-04-20 16:24:08', 'admin', 'admin', '/user/queryUser', '用户模块', '查询所有用户');
INSERT INTO `tb_log` VALUES ('1516694233279381506', '2022-04-20 16:24:19', 'admin', 'admin', '/user/queryUser', '用户模块', '查询所有用户');
INSERT INTO `tb_log` VALUES ('1516694712478629890', '2022-04-20 16:26:13', 'admin', 'admin', '/user/queryUser', '用户模块', '查询所有用户');
INSERT INTO `tb_log` VALUES ('1516694962580754434', '2022-04-20 16:27:13', 'admin', 'admin', '/user/queryUser', '用户模块', '查询所有用户');
INSERT INTO `tb_log` VALUES ('1516695442904064002', '2022-04-20 16:29:07', 'admin', 'admin', '/user/queryUser', '用户模块', '查询所有用户');
INSERT INTO `tb_log` VALUES ('1516695703550689281', '2022-04-20 16:30:09', 'admin', 'admin', '/user/queryUser', '用户模块', '查询所有用户');
INSERT INTO `tb_log` VALUES ('1516697787310276609', '2022-04-20 16:38:26', 'admin', 'admin', '/user/queryUser', '用户模块', '查询所有用户');
INSERT INTO `tb_log` VALUES ('1516697804804718593', '2022-04-20 16:38:30', 'admin', 'admin', '/user/queryUser', '用户模块', '查询所有用户');
INSERT INTO `tb_log` VALUES ('1516698582231556097', '2022-04-20 16:41:36', 'admin', 'admin', '/user/queryUser', '用户模块', '查询所有用户');
INSERT INTO `tb_log` VALUES ('1516698880744378370', '2022-04-20 16:42:47', 'admin', 'admin', '/user/queryUser', '用户模块', '查询所有用户');
INSERT INTO `tb_log` VALUES ('1516699539417874433', '2022-04-20 16:45:24', 'admin', 'admin', '/user/queryUser', '用户模块', '查询所有用户');
INSERT INTO `tb_log` VALUES ('1516699600356917250', '2022-04-20 16:45:38', 'admin', 'admin', '/user/queryUser', '用户模块', '查询所有用户');
INSERT INTO `tb_log` VALUES ('1516699652404035586', '2022-04-20 16:45:51', 'admin', 'admin', '/user/queryUser', '用户模块', '查询所有用户');
INSERT INTO `tb_log` VALUES ('1516699838203314177', '2022-04-20 16:46:35', 'admin', 'admin', '/user/queryUser', '用户模块', '查询所有用户');
INSERT INTO `tb_log` VALUES ('1516700203141423106', '2022-04-20 16:48:02', 'admin', 'admin', '/user/queryUser', '用户模块', '查询所有用户');
INSERT INTO `tb_log` VALUES ('1516700243901669377', '2022-04-20 16:48:12', 'admin', 'admin', '/user/queryUser', '用户模块', '查询所有用户');
INSERT INTO `tb_log` VALUES ('1516701584778596353', '2022-04-20 16:53:31', 'admin', 'admin', '/user/queryUser', '用户模块', '查询所有用户');
INSERT INTO `tb_log` VALUES ('1516701632639799298', '2022-04-20 16:53:43', 'admin', 'admin', '/user/queryUser', '用户模块', '查询所有用户');
INSERT INTO `tb_log` VALUES ('1516702640233287681', '2022-04-20 16:57:43', 'admin', 'admin', '/user/queryUser', '用户模块', '查询所有用户');
INSERT INTO `tb_log` VALUES ('1516702951446417410', '2022-04-20 16:58:57', 'admin', 'admin', '/user/queryUser', '用户模块', '查询所有用户');
INSERT INTO `tb_log` VALUES ('1516703635516428290', '2022-04-20 17:01:40', 'admin', 'admin', '/user/queryUser', '用户模块', '查询所有用户');
INSERT INTO `tb_log` VALUES ('1516703666113875970', '2022-04-20 17:01:48', 'admin', 'admin', '/user/queryUser', '用户模块', '查询所有用户');
INSERT INTO `tb_log` VALUES ('1516711046935482370', '2022-04-20 17:31:07', 'admin', 'admin', '/user/queryUser', '用户模块', '查询所有用户');
INSERT INTO `tb_log` VALUES ('1516711064069214209', '2022-04-20 17:31:11', 'admin', 'admin', '/user/queryUser', '用户模块', '查询所有用户');
INSERT INTO `tb_log` VALUES ('1516711082528346114', '2022-04-20 17:31:16', 'admin', 'admin', '/user/queryUser', '用户模块', '查询所有用户');
INSERT INTO `tb_log` VALUES ('1516711087439876097', '2022-04-20 17:31:17', 'admin', 'admin', '/user/queryUser', '用户模块', '查询所有用户');
INSERT INTO `tb_log` VALUES ('1516711091957141505', '2022-04-20 17:31:18', 'admin', 'admin', '/user/queryUser', '用户模块', '查询所有用户');
INSERT INTO `tb_log` VALUES ('1516711442743562242', '2022-04-20 17:32:42', 'admin', 'admin', '/user/queryUser', '用户模块', '查询所有用户');
INSERT INTO `tb_log` VALUES ('1516711461404020738', '2022-04-20 17:32:46', 'admin', 'admin', '/user/queryUser', '用户模块', '查询所有用户');
INSERT INTO `tb_log` VALUES ('1516711464797212674', '2022-04-20 17:32:47', 'admin', 'admin', '/user/queryUser', '用户模块', '查询所有用户');
INSERT INTO `tb_log` VALUES ('1516711467015999489', '2022-04-20 17:32:48', 'admin', 'admin', '/user/queryUser', '用户模块', '查询所有用户');
INSERT INTO `tb_log` VALUES ('1516721219729100801', '2022-04-20 18:11:33', 'admin', 'admin', '/user/queryUser', '用户模块', '查询所有用户');
INSERT INTO `tb_log` VALUES ('1516721226117025793', '2022-04-20 18:11:34', 'admin', 'admin', '/user/queryUser', '用户模块', '查询所有用户');
INSERT INTO `tb_log` VALUES ('1516721230105808898', '2022-04-20 18:11:35', 'admin', 'admin', '/user/queryUser', '用户模块', '查询所有用户');
INSERT INTO `tb_log` VALUES ('1516721233087959042', '2022-04-20 18:11:36', 'admin', 'admin', '/user/queryUser', '用户模块', '查询所有用户');
INSERT INTO `tb_log` VALUES ('1516721235046699010', '2022-04-20 18:11:36', 'admin', 'admin', '/user/queryUser', '用户模块', '查询所有用户');
INSERT INTO `tb_log` VALUES ('1516721236678283265', '2022-04-20 18:11:37', 'admin', 'admin', '/user/queryUser', '用户模块', '查询所有用户');
INSERT INTO `tb_log` VALUES ('1516721238511194113', '2022-04-20 18:11:37', 'admin', 'admin', '/user/queryUser', '用户模块', '查询所有用户');
INSERT INTO `tb_log` VALUES ('1516722134469132290', '2022-04-20 18:15:11', 'admin', 'admin', '/user/queryUser', '用户模块', '查询所有用户');
INSERT INTO `tb_log` VALUES ('1516723355019984898', '2022-04-20 18:20:02', 'admin', 'admin', '/user/queryUser', '用户模块', '查询所有用户');
INSERT INTO `tb_log` VALUES ('1516723838036033537', '2022-04-20 18:21:57', 'admin', 'admin', '/user/insertUser', '用户模块', '新增一个用户');
INSERT INTO `tb_log` VALUES ('1516725416352591874', '2022-04-20 18:28:13', 'admin', 'admin', '/user/queryUser', '用户模块', '查询所有用户');
INSERT INTO `tb_log` VALUES ('1516725817881702401', '2022-04-20 18:29:49', 'admin', 'admin', '/user/queryUser', '用户模块', '查询所有用户');
INSERT INTO `tb_log` VALUES ('1516725915156000770', '2022-04-20 18:30:12', 'admin', 'admin', '/user/insertUser', '用户模块', '新增一个用户');
INSERT INTO `tb_log` VALUES ('1516725924890980354', '2022-04-20 18:30:15', 'admin', 'admin', '/user/queryUser', '用户模块', '查询所有用户');
INSERT INTO `tb_log` VALUES ('1516725942473502721', '2022-04-20 18:30:19', 'admin', 'admin', '/user/deleteUser', '用户模块', '删除一个用户');
INSERT INTO `tb_log` VALUES ('1516726197436854273', '2022-04-20 18:31:20', 'admin', 'admin', '/user/insertUser', '用户模块', '新增一个用户');
INSERT INTO `tb_log` VALUES ('1516726203728310274', '2022-04-20 18:31:21', 'admin', 'admin', '/user/queryUser', '用户模块', '查询所有用户');
INSERT INTO `tb_log` VALUES ('1516726223269572610', '2022-04-20 18:31:26', 'admin', 'admin', '/user/deleteUser', '用户模块', '删除一个用户');
INSERT INTO `tb_log` VALUES ('1516726287857659906', '2022-04-20 18:31:41', 'admin', 'admin', '/user/insertUser', '用户模块', '新增一个用户');
INSERT INTO `tb_log` VALUES ('1516726762954846209', '2022-04-20 18:33:34', 'admin', 'admin', '/user/queryUser', '用户模块', '查询所有用户');
INSERT INTO `tb_log` VALUES ('1516726819242405889', '2022-04-20 18:33:48', 'admin', 'admin', '/user/insertUser', '用户模块', '新增一个用户');
INSERT INTO `tb_log` VALUES ('1516730631306911746', '2022-04-20 18:48:57', 'admin', 'admin', '/user/queryUser', '用户模块', '查询所有用户');
INSERT INTO `tb_log` VALUES ('1516730639305449473', '2022-04-20 18:48:59', 'admin', 'admin', '/user/queryUser', '用户模块', '查询所有用户');
INSERT INTO `tb_log` VALUES ('1516730700504539137', '2022-04-20 18:49:13', 'admin', 'admin', '/user/queryUser', '用户模块', '查询所有用户');
INSERT INTO `tb_log` VALUES ('1516730710440845314', '2022-04-20 18:49:16', 'admin', 'admin', '/user/queryUser', '用户模块', '查询所有用户');
INSERT INTO `tb_log` VALUES ('1516730799330729985', '2022-04-20 18:49:37', 'admin', 'admin', '/user/queryUser', '用户模块', '查询所有用户');
INSERT INTO `tb_log` VALUES ('1516732090291363842', '2022-04-20 18:54:44', 'admin', 'admin', '/user/deleteUser', '用户模块', '删除一个用户');
INSERT INTO `tb_log` VALUES ('1516732100093452290', '2022-04-20 18:54:47', 'admin', 'admin', '/user/queryUser', '用户模块', '查询所有用户');
INSERT INTO `tb_log` VALUES ('1516733262494433281', '2022-04-20 18:59:24', 'admin', 'admin', '/user/queryUser', '用户模块', '查询所有用户');
INSERT INTO `tb_log` VALUES ('1516733271667376129', '2022-04-20 18:59:26', 'admin', 'admin', '/user/deleteUser', '用户模块', '删除一个用户');
INSERT INTO `tb_log` VALUES ('1516733675943858177', '2022-04-20 19:01:03', 'admin', 'admin', '/user/queryUser', '用户模块', '查询所有用户');
INSERT INTO `tb_log` VALUES ('1516742464063508482', '2022-04-20 19:35:58', 'admin', 'admin', '/user/queryUser', '用户模块', '查询所有用户');
INSERT INTO `tb_log` VALUES ('1516742804896747522', '2022-04-20 19:37:19', 'admin', 'admin', '/user/queryUser', '用户模块', '查询所有用户');
INSERT INTO `tb_log` VALUES ('1516743728851587073', '2022-04-20 19:40:59', 'admin', 'admin', '/user/insertUser', '用户模块', '新增一个用户');
INSERT INTO `tb_log` VALUES ('1516743732261556226', '2022-04-20 19:41:00', 'admin', 'admin', '/user/queryUser', '用户模块', '查询所有用户');
INSERT INTO `tb_log` VALUES ('1516744244931403777', '2022-04-20 19:43:02', 'admin', 'admin', '/user/queryUser', '用户模块', '查询所有用户');
INSERT INTO `tb_log` VALUES ('1516744330990133250', '2022-04-20 19:43:23', 'admin', 'admin', '/user/queryUser', '用户模块', '查询所有用户');
INSERT INTO `tb_log` VALUES ('1516745895763292161', '2022-04-20 19:49:36', 'admin', 'admin', '/user/queryUser', '用户模块', '查询所有用户');
INSERT INTO `tb_log` VALUES ('1516747120965697538', '2022-04-20 19:54:28', 'admin', 'admin', '/user/queryUser', '用户模块', '查询所有用户');
INSERT INTO `tb_log` VALUES ('1516747174472433666', '2022-04-20 19:54:41', 'admin', 'admin', '/user/queryUser', '用户模块', '查询所有用户');
INSERT INTO `tb_log` VALUES ('1516747335957331969', '2022-04-20 19:55:19', 'admin', 'admin', '/user/queryUser', '用户模块', '查询所有用户');
INSERT INTO `tb_log` VALUES ('1516749915823382530', '2022-04-20 20:05:34', 'admin', 'admin', '/user/queryUser', '用户模块', '查询所有用户');
INSERT INTO `tb_log` VALUES ('1516749946676682753', '2022-04-20 20:05:42', 'admin', 'admin', '/user/queryUser', '用户模块', '查询所有用户');
INSERT INTO `tb_log` VALUES ('1516750089123655681', '2022-04-20 20:06:16', 'admin', 'admin', '/user/queryUser', '用户模块', '查询所有用户');
INSERT INTO `tb_log` VALUES ('1516750952424583170', '2022-04-20 20:09:42', 'admin', 'admin', '/user/queryUser', '用户模块', '查询所有用户');
INSERT INTO `tb_log` VALUES ('1516752337396301825', '2022-04-20 20:15:12', 'admin', 'admin', '/user/queryUser', '用户模块', '查询所有用户');
INSERT INTO `tb_log` VALUES ('1516752401674010626', '2022-04-20 20:15:27', 'admin', 'admin', '/user/queryUser', '用户模块', '查询所有用户');
INSERT INTO `tb_log` VALUES ('1516754944705740802', '2022-04-20 20:25:33', 'admin', 'admin', '/user/queryUser', '用户模块', '查询所有用户');
INSERT INTO `tb_log` VALUES ('1516755752159563777', '2022-04-20 20:28:46', 'admin', 'admin', '/user/queryUser', '用户模块', '查询所有用户');
INSERT INTO `tb_log` VALUES ('1516756805085102082', '2022-04-20 20:32:57', 'admin', 'admin', '/user/queryUser', '用户模块', '查询所有用户');
INSERT INTO `tb_log` VALUES ('1516758030492921857', '2022-04-20 20:37:49', 'admin', 'admin', '/user/queryUser', '用户模块', '查询所有用户');
INSERT INTO `tb_log` VALUES ('1516758606769405953', '2022-04-20 20:40:06', 'admin', 'admin', '/user/queryUser', '用户模块', '查询所有用户');
INSERT INTO `tb_log` VALUES ('1516758774143000577', '2022-04-20 20:40:46', 'admin', 'admin', '/user/queryUser', '用户模块', '查询所有用户');
INSERT INTO `tb_log` VALUES ('1516758812692848641', '2022-04-20 20:40:56', 'admin', 'admin', '/user/insertUser', '用户模块', '新增一个用户');
INSERT INTO `tb_log` VALUES ('1516758850609356802', '2022-04-20 20:41:05', 'admin', 'admin', '/user/queryUser', '用户模块', '查询所有用户');
INSERT INTO `tb_log` VALUES ('1516759036861620226', '2022-04-20 20:41:49', 'admin', 'admin', '/user/insertUser', '用户模块', '新增一个用户');
INSERT INTO `tb_log` VALUES ('1516759041693458434', '2022-04-20 20:41:50', 'admin', 'admin', '/user/queryUser', '用户模块', '查询所有用户');
INSERT INTO `tb_log` VALUES ('1516759375778160642', '2022-04-20 20:43:10', 'admin', 'admin', '/user/insertUser', '用户模块', '新增一个用户');
INSERT INTO `tb_log` VALUES ('1516759418463592450', '2022-04-20 20:43:20', 'admin', 'admin', '/user/queryUser', '用户模块', '查询所有用户');
INSERT INTO `tb_log` VALUES ('1516759571283058690', '2022-04-20 20:43:56', 'admin', 'admin', '/user/insertUser', '用户模块', '新增一个用户');
INSERT INTO `tb_log` VALUES ('1516762740360749058', '2022-04-20 20:56:32', 'admin', 'admin', '/user/queryUser', '用户模块', '查询所有用户');
INSERT INTO `tb_log` VALUES ('1516762846178844673', '2022-04-20 20:56:57', 'admin', 'admin', '/user/queryUser', '用户模块', '查询所有用户');
INSERT INTO `tb_log` VALUES ('1516763104468279297', '2022-04-20 20:57:59', 'admin', 'admin', '/user/queryUser', '用户模块', '查询所有用户');
INSERT INTO `tb_log` VALUES ('1516763929030696961', '2022-04-20 21:01:15', 'admin', 'admin', '/user/queryUser', '用户模块', '查询所有用户');
INSERT INTO `tb_log` VALUES ('1516766186371551234', '2022-04-20 21:10:14', 'admin', 'admin', '/user/queryUser', '用户模块', '查询所有用户');
INSERT INTO `tb_log` VALUES ('1516766289220079618', '2022-04-20 21:10:38', 'admin', 'admin', '/user/queryUser', '用户模块', '查询所有用户');
INSERT INTO `tb_log` VALUES ('1516766920056102914', '2022-04-20 21:13:09', 'admin', 'admin', '/user/queryUser', '用户模块', '查询所有用户');
INSERT INTO `tb_log` VALUES ('1516767233110564865', '2022-04-20 21:14:23', 'admin', 'admin', '/user/queryUser', '用户模块', '查询所有用户');
INSERT INTO `tb_log` VALUES ('1516767591538917378', '2022-04-20 21:15:49', 'admin', 'admin', '/user/queryUser', '用户模块', '查询所有用户');
INSERT INTO `tb_log` VALUES ('1516769312864567298', '2022-04-20 21:22:39', 'admin', 'admin', '/user/queryUser', '用户模块', '查询所有用户');
INSERT INTO `tb_log` VALUES ('1516772063128326146', '2022-04-20 21:33:35', 'admin', 'admin', '/user/queryUser', '用户模块', '查询所有用户');
INSERT INTO `tb_log` VALUES ('1516772675970666497', '2022-04-20 21:36:01', 'admin', 'admin', '/user/queryUser', '用户模块', '查询所有用户');
INSERT INTO `tb_log` VALUES ('1516773612835598337', '2022-04-20 21:39:44', 'admin', 'admin', '/user/queryUser', '用户模块', '查询所有用户');
INSERT INTO `tb_log` VALUES ('1516773620741861378', '2022-04-20 21:39:46', 'admin', 'admin', '/user/queryUser', '用户模块', '查询所有用户');
INSERT INTO `tb_log` VALUES ('1516775178846113794', '2022-04-20 21:45:58', 'admin', 'admin', '/user/queryUser', '用户模块', '查询所有用户');
INSERT INTO `tb_log` VALUES ('1516776480900755458', '2022-04-20 21:51:08', 'admin', 'admin', '/user/queryUser', '用户模块', '查询所有用户');
INSERT INTO `tb_log` VALUES ('1516776559959191553', '2022-04-20 21:51:27', 'admin', 'admin', '/user/queryUser', '用户模块', '查询所有用户');
INSERT INTO `tb_log` VALUES ('1516776745020272641', '2022-04-20 21:52:11', 'admin', 'admin', '/user/queryUser', '用户模块', '查询所有用户');
INSERT INTO `tb_log` VALUES ('1516778080847343617', '2022-04-20 21:57:29', 'admin', 'admin', '/user/queryUser', '用户模块', '查询所有用户');
INSERT INTO `tb_log` VALUES ('1516778795263143937', '2022-04-20 22:00:20', 'admin', 'admin', '/user/queryUser', '用户模块', '查询所有用户');
INSERT INTO `tb_log` VALUES ('1516779592134811649', '2022-04-20 22:03:30', 'admin', 'admin', '/user/queryUser', '用户模块', '查询所有用户');
INSERT INTO `tb_log` VALUES ('1516779942640103426', '2022-04-20 22:04:53', 'admin', 'admin', '/user/queryUser', '用户模块', '查询所有用户');
INSERT INTO `tb_log` VALUES ('1516785533961928705', '2022-04-20 22:27:06', 'admin', 'admin', '/user/queryUser', '用户模块', '查询所有用户');
INSERT INTO `tb_log` VALUES ('1516786542801108993', '2022-04-20 22:31:07', 'admin', 'admin', '/user/queryUser', '用户模块', '查询所有用户');
INSERT INTO `tb_log` VALUES ('1516786930950348802', '2022-04-20 22:32:39', 'admin', 'admin', '/user/queryUser', '用户模块', '查询所有用户');
INSERT INTO `tb_log` VALUES ('1516787916477640705', '2022-04-20 22:36:34', 'admin', 'admin', '/user/queryUser', '用户模块', '查询所有用户');
INSERT INTO `tb_log` VALUES ('1516788468313817090', '2022-04-20 22:38:46', 'admin', 'admin', '/user/queryUser', '用户模块', '查询所有用户');
INSERT INTO `tb_log` VALUES ('1516788493462863873', '2022-04-20 22:38:52', 'admin', 'admin', '/user/queryUser', '用户模块', '查询所有用户');
INSERT INTO `tb_log` VALUES ('1516788504342888449', '2022-04-20 22:38:55', 'admin', 'admin', '/user/queryUser', '用户模块', '查询所有用户');
INSERT INTO `tb_log` VALUES ('1516788779275337729', '2022-04-20 22:40:00', 'admin', 'admin', '/user/queryUser', '用户模块', '查询所有用户');
INSERT INTO `tb_log` VALUES ('1516790726988480514', '2022-04-20 22:47:45', 'admin', 'admin', '/user/queryUser', '用户模块', '查询所有用户');
INSERT INTO `tb_log` VALUES ('1516790776661622785', '2022-04-20 22:47:56', 'admin', 'admin', '/user/insertUser', '用户模块', '新增一个用户');
INSERT INTO `tb_log` VALUES ('1516790799474442241', '2022-04-20 22:48:02', 'admin', 'admin', '/user/queryUser', '用户模块', '查询所有用户');
INSERT INTO `tb_log` VALUES ('1516790815509266433', '2022-04-20 22:48:06', 'admin', 'admin', '/user/queryUser', '用户模块', '查询所有用户');
INSERT INTO `tb_log` VALUES ('1516790824891924481', '2022-04-20 22:48:08', 'admin', 'admin', '/user/queryUser', '用户模块', '查询所有用户');
INSERT INTO `tb_log` VALUES ('1516790835780337666', '2022-04-20 22:48:11', 'admin', 'admin', '/user/queryUser', '用户模块', '查询所有用户');
INSERT INTO `tb_log` VALUES ('1516795150519582721', '2022-04-20 23:05:19', 'admin', 'admin', '/user/queryUser', '用户模块', '查询所有用户');
INSERT INTO `tb_log` VALUES ('1516795335995899906', '2022-04-20 23:06:03', 'admin', 'admin', '/user/queryUser', '用户模块', '查询所有用户');
INSERT INTO `tb_log` VALUES ('1516795964432662529', '2022-04-20 23:08:33', 'admin', 'admin', '/user/queryUser', '用户模块', '查询所有用户');
INSERT INTO `tb_log` VALUES ('1516795978152230913', '2022-04-20 23:08:37', 'admin', 'admin', '/user/queryUser', '用户模块', '查询所有用户');
INSERT INTO `tb_log` VALUES ('1516796705369047042', '2022-04-20 23:11:30', 'admin', 'admin', '/user/queryUser', '用户模块', '查询所有用户');
INSERT INTO `tb_log` VALUES ('1516797013923020801', '2022-04-20 23:12:44', 'admin', 'admin', '/user/queryUser', '用户模块', '查询所有用户');
INSERT INTO `tb_log` VALUES ('1516808009924214786', '2022-04-20 23:56:25', 'admin', 'admin', '/user/queryUser', '用户模块', '查询所有用户');
INSERT INTO `tb_log` VALUES ('1516808419552534529', '2022-04-20 23:58:03', 'admin', 'admin', '/user/queryUser', '用户模块', '查询所有用户');
INSERT INTO `tb_log` VALUES ('1516808467187245057', '2022-04-20 23:58:14', 'admin', 'admin', '/user/updateUser', '用户模块', '更新一个用户');
INSERT INTO `tb_log` VALUES ('1516810139733065729', '2022-04-21 00:04:53', 'admin', 'admin', '/user/queryUser', '用户模块', '查询所有用户');
INSERT INTO `tb_log` VALUES ('1516810178819784706', '2022-04-21 00:05:02', 'admin', 'admin', '/user/updateUser', '用户模块', '更新一个用户');
INSERT INTO `tb_log` VALUES ('1516810186403086337', '2022-04-21 00:05:04', 'admin', 'admin', '/user/queryUser', '用户模块', '查询所有用户');
INSERT INTO `tb_log` VALUES ('1516810235556134914', '2022-04-21 00:05:16', 'admin', 'admin', '/user/updateUser', '用户模块', '更新一个用户');
INSERT INTO `tb_log` VALUES ('1516810239343591425', '2022-04-21 00:05:17', 'admin', 'admin', '/user/queryUser', '用户模块', '查询所有用户');
INSERT INTO `tb_log` VALUES ('1516810300035170305', '2022-04-21 00:05:31', 'admin', 'admin', '/user/queryUser', '用户模块', '查询所有用户');
INSERT INTO `tb_log` VALUES ('1516810991403294722', '2022-04-21 00:08:16', 'admin', 'admin', '/user/queryUser', '用户模块', '查询所有用户');
INSERT INTO `tb_log` VALUES ('1516811088543469569', '2022-04-21 00:08:39', 'admin', 'admin', '/user/queryUser', '用户模块', '查询所有用户');
INSERT INTO `tb_log` VALUES ('1516811189642973185', '2022-04-21 00:09:03', 'admin', 'admin', '/user/queryUser', '用户模块', '查询所有用户');
INSERT INTO `tb_log` VALUES ('1516811315262337025', '2022-04-21 00:09:33', 'admin', 'admin', '/user/queryUser', '用户模块', '查询所有用户');
INSERT INTO `tb_log` VALUES ('1516811767043440642', '2022-04-21 00:11:21', 'admin', 'admin', '/user/queryUser', '用户模块', '查询所有用户');
INSERT INTO `tb_log` VALUES ('1516811829316272130', '2022-04-21 00:11:36', 'admin', 'admin', '/user/queryUser', '用户模块', '查询所有用户');
INSERT INTO `tb_log` VALUES ('1516811849352462338', '2022-04-21 00:11:41', 'admin', 'admin', '/user/queryUser', '用户模块', '查询所有用户');
INSERT INTO `tb_log` VALUES ('1516811860903575554', '2022-04-21 00:11:43', 'admin', 'admin', '/user/queryUser', '用户模块', '查询所有用户');
INSERT INTO `tb_log` VALUES ('1516811864426790913', '2022-04-21 00:11:44', 'admin', 'admin', '/user/queryUser', '用户模块', '查询所有用户');
INSERT INTO `tb_log` VALUES ('1516811866184204289', '2022-04-21 00:11:45', 'admin', 'admin', '/user/queryUser', '用户模块', '查询所有用户');
INSERT INTO `tb_log` VALUES ('1516811930591936514', '2022-04-21 00:12:00', 'admin', 'admin', '/user/queryUser', '用户模块', '查询所有用户');
INSERT INTO `tb_log` VALUES ('1516812320226000898', '2022-04-21 00:13:33', 'admin', 'admin', '/user/queryUser', '用户模块', '查询所有用户');
INSERT INTO `tb_log` VALUES ('1516812356427038722', '2022-04-21 00:13:41', 'admin', 'admin', '/user/updateUser', '用户模块', '更新一个用户');
INSERT INTO `tb_log` VALUES ('1516812360793309185', '2022-04-21 00:13:42', 'admin', 'admin', '/user/queryUser', '用户模块', '查询所有用户');
INSERT INTO `tb_log` VALUES ('1516982460846444545', '2022-04-21 11:29:37', 'admin', 'admin', '/user/queryUser', '用户模块', '查询所有用户');
INSERT INTO `tb_log` VALUES ('1516982481406922754', '2022-04-21 11:29:42', 'admin', 'admin', '/user/queryUser', '用户模块', '查询所有用户');
INSERT INTO `tb_log` VALUES ('1516982484460376065', '2022-04-21 11:29:43', 'admin', 'admin', '/user/queryUser', '用户模块', '查询所有用户');
INSERT INTO `tb_log` VALUES ('1516982486935015425', '2022-04-21 11:29:44', 'admin', 'admin', '/user/queryUser', '用户模块', '查询所有用户');
INSERT INTO `tb_log` VALUES ('1516982505679360001', '2022-04-21 11:29:48', 'admin', 'admin', '/user/queryUser', '用户模块', '查询所有用户');
INSERT INTO `tb_log` VALUES ('1516982514843914241', '2022-04-21 11:29:50', 'admin', 'admin', '/user/queryUser', '用户模块', '查询所有用户');
INSERT INTO `tb_log` VALUES ('1516982517184335873', '2022-04-21 11:29:51', 'admin', 'admin', '/user/queryUser', '用户模块', '查询所有用户');
INSERT INTO `tb_log` VALUES ('1516982518371323906', '2022-04-21 11:29:51', 'admin', 'admin', '/user/queryUser', '用户模块', '查询所有用户');
INSERT INTO `tb_log` VALUES ('1516984521944207362', '2022-04-21 11:37:49', 'admin', 'admin', '/user/queryUser', '用户模块', '查询所有用户');
INSERT INTO `tb_log` VALUES ('1516984655142735873', '2022-04-21 11:38:21', 'admin', 'admin', '/user/queryUser', '用户模块', '查询所有用户');
INSERT INTO `tb_log` VALUES ('1516984683294904321', '2022-04-21 11:38:27', 'admin', 'admin', '/user/queryUser', '用户模块', '查询所有用户');
INSERT INTO `tb_log` VALUES ('1516988908917764098', '2022-04-21 11:55:15', 'admin', 'admin', '/user/queryUser', '用户模块', '查询所有用户');
INSERT INTO `tb_log` VALUES ('1516988971031212034', '2022-04-21 11:55:30', 'admin', 'admin', '/user/queryUser', '用户模块', '查询所有用户');
INSERT INTO `tb_log` VALUES ('1516989013091692545', '2022-04-21 11:55:40', 'admin', 'admin', '/user/queryUser', '用户模块', '查询所有用户');
INSERT INTO `tb_log` VALUES ('1516989021690015746', '2022-04-21 11:55:42', 'admin', 'admin', '/user/queryUser', '用户模块', '查询所有用户');
INSERT INTO `tb_log` VALUES ('1516989024168849409', '2022-04-21 11:55:42', 'admin', 'admin', '/user/queryUser', '用户模块', '查询所有用户');
INSERT INTO `tb_log` VALUES ('1516989025481666561', '2022-04-21 11:55:43', 'admin', 'admin', '/user/queryUser', '用户模块', '查询所有用户');
INSERT INTO `tb_log` VALUES ('1516989026454745089', '2022-04-21 11:55:43', 'admin', 'admin', '/user/queryUser', '用户模块', '查询所有用户');
INSERT INTO `tb_log` VALUES ('1516989027440406530', '2022-04-21 11:55:43', 'admin', 'admin', '/user/queryUser', '用户模块', '查询所有用户');
INSERT INTO `tb_log` VALUES ('1516989181623132162', '2022-04-21 11:56:20', 'admin', 'admin', '/user/queryUser', '用户模块', '查询所有用户');
INSERT INTO `tb_log` VALUES ('1516989189936242690', '2022-04-21 11:56:22', 'admin', 'admin', '/user/queryUser', '用户模块', '查询所有用户');
INSERT INTO `tb_log` VALUES ('1516989192402493441', '2022-04-21 11:56:22', 'admin', 'admin', '/user/queryUser', '用户模块', '查询所有用户');
INSERT INTO `tb_log` VALUES ('1516989193841139713', '2022-04-21 11:56:23', 'admin', 'admin', '/user/queryUser', '用户模块', '查询所有用户');
INSERT INTO `tb_log` VALUES ('1516989194818412545', '2022-04-21 11:56:23', 'admin', 'admin', '/user/queryUser', '用户模块', '查询所有用户');
INSERT INTO `tb_log` VALUES ('1516989195858599937', '2022-04-21 11:56:23', 'admin', 'admin', '/user/queryUser', '用户模块', '查询所有用户');
INSERT INTO `tb_log` VALUES ('1516989196974284801', '2022-04-21 11:56:24', 'admin', 'admin', '/user/queryUser', '用户模块', '查询所有用户');
INSERT INTO `tb_log` VALUES ('1516989198782029825', '2022-04-21 11:56:24', 'admin', 'admin', '/user/queryUser', '用户模块', '查询所有用户');
INSERT INTO `tb_log` VALUES ('1516989200275202050', '2022-04-21 11:56:24', 'admin', 'admin', '/user/queryUser', '用户模块', '查询所有用户');
INSERT INTO `tb_log` VALUES ('1516989205631328258', '2022-04-21 11:56:26', 'admin', 'admin', '/user/queryUser', '用户模块', '查询所有用户');
INSERT INTO `tb_log` VALUES ('1516989206801539073', '2022-04-21 11:56:26', 'admin', 'admin', '/user/queryUser', '用户模块', '查询所有用户');
INSERT INTO `tb_log` VALUES ('1516989207967555586', '2022-04-21 11:56:26', 'admin', 'admin', '/user/queryUser', '用户模块', '查询所有用户');
INSERT INTO `tb_log` VALUES ('1516989221292859394', '2022-04-21 11:56:29', 'admin', 'admin', '/user/queryUser', '用户模块', '查询所有用户');
INSERT INTO `tb_log` VALUES ('1516989223574560770', '2022-04-21 11:56:30', 'admin', 'admin', '/user/queryUser', '用户模块', '查询所有用户');
INSERT INTO `tb_log` VALUES ('1516989225797541890', '2022-04-21 11:56:30', 'admin', 'admin', '/user/queryUser', '用户模块', '查询所有用户');
INSERT INTO `tb_log` VALUES ('1516989227554955265', '2022-04-21 11:56:31', 'admin', 'admin', '/user/queryUser', '用户模块', '查询所有用户');
INSERT INTO `tb_log` VALUES ('1516989229983457281', '2022-04-21 11:56:31', 'admin', 'admin', '/user/queryUser', '用户模块', '查询所有用户');
INSERT INTO `tb_log` VALUES ('1516989231862505474', '2022-04-21 11:56:32', 'admin', 'admin', '/user/queryUser', '用户模块', '查询所有用户');
INSERT INTO `tb_log` VALUES ('1516989233821245441', '2022-04-21 11:56:32', 'admin', 'admin', '/user/queryUser', '用户模块', '查询所有用户');
INSERT INTO `tb_log` VALUES ('1516989235532521473', '2022-04-21 11:56:33', 'admin', 'admin', '/user/queryUser', '用户模块', '查询所有用户');
INSERT INTO `tb_log` VALUES ('1516989237172494338', '2022-04-21 11:56:33', 'admin', 'admin', '/user/queryUser', '用户模块', '查询所有用户');
INSERT INTO `tb_log` VALUES ('1516989239127040002', '2022-04-21 11:56:34', 'admin', 'admin', '/user/queryUser', '用户模块', '查询所有用户');
INSERT INTO `tb_log` VALUES ('1516989240699904001', '2022-04-21 11:56:34', 'admin', 'admin', '/user/queryUser', '用户模块', '查询所有用户');
INSERT INTO `tb_log` VALUES ('1516989242406985729', '2022-04-21 11:56:34', 'admin', 'admin', '/user/queryUser', '用户模块', '查询所有用户');
INSERT INTO `tb_log` VALUES ('1516989244567052290', '2022-04-21 11:56:35', 'admin', 'admin', '/user/queryUser', '用户模块', '查询所有用户');
INSERT INTO `tb_log` VALUES ('1516989247448539137', '2022-04-21 11:56:36', 'admin', 'admin', '/user/queryUser', '用户模块', '查询所有用户');
INSERT INTO `tb_log` VALUES ('1516989250002870273', '2022-04-21 11:56:36', 'admin', 'admin', '/user/queryUser', '用户模块', '查询所有用户');
INSERT INTO `tb_log` VALUES ('1516989325752000513', '2022-04-21 11:56:54', 'admin', 'admin', '/user/queryUser', '用户模块', '查询所有用户');
INSERT INTO `tb_log` VALUES ('1516989335147241474', '2022-04-21 11:56:56', 'admin', 'admin', '/user/queryUser', '用户模块', '查询所有用户');
INSERT INTO `tb_log` VALUES ('1516989340889243649', '2022-04-21 11:56:58', 'admin', 'admin', '/user/queryUser', '用户模块', '查询所有用户');
INSERT INTO `tb_log` VALUES ('1516990838150914049', '2022-04-21 12:02:55', 'admin', 'admin', '/user/queryUser', '用户模块', '查询所有用户');
INSERT INTO `tb_log` VALUES ('1516990857620873217', '2022-04-21 12:02:59', 'admin', 'admin', '/user/queryUser', '用户模块', '查询所有用户');
INSERT INTO `tb_log` VALUES ('1516990873211101185', '2022-04-21 12:03:03', 'admin', 'admin', '/user/queryUser', '用户模块', '查询所有用户');
INSERT INTO `tb_log` VALUES ('1517028261199110145', '2022-04-21 14:31:37', 'admin', 'admin', '/user/queryUser', '用户模块', '查询所有用户');
INSERT INTO `tb_log` VALUES ('1517028283164680193', '2022-04-21 14:31:42', 'admin', 'admin', '/user/queryUser', '用户模块', '查询所有用户');
INSERT INTO `tb_log` VALUES ('1517028298662633474', '2022-04-21 14:31:46', 'admin', 'admin', '/user/queryUser', '用户模块', '查询所有用户');
INSERT INTO `tb_log` VALUES ('1517028301279879170', '2022-04-21 14:31:47', 'admin', 'admin', '/user/queryUser', '用户模块', '查询所有用户');
INSERT INTO `tb_log` VALUES ('1517028306933800962', '2022-04-21 14:31:48', 'admin', 'admin', '/user/queryUser', '用户模块', '查询所有用户');
INSERT INTO `tb_log` VALUES ('1517076789086765057', '2022-04-21 17:44:27', 'admin', 'admin', '/user/queryUser', '用户模块', '查询所有用户');
INSERT INTO `tb_log` VALUES ('1517076794824572929', '2022-04-21 17:44:28', 'admin', 'admin', '/user/queryUser', '用户模块', '查询所有用户');
INSERT INTO `tb_log` VALUES ('1517076799673188353', '2022-04-21 17:44:30', 'admin', 'admin', '/user/queryUser', '用户模块', '查询所有用户');
INSERT INTO `tb_log` VALUES ('1517076803699720193', '2022-04-21 17:44:31', 'admin', 'admin', '/user/queryUser', '用户模块', '查询所有用户');
INSERT INTO `tb_log` VALUES ('1517076812436455426', '2022-04-21 17:44:33', 'admin', 'admin', '/user/queryUser', '用户模块', '查询所有用户');
INSERT INTO `tb_log` VALUES ('1517076815766732801', '2022-04-21 17:44:33', 'admin', 'admin', '/user/queryUser', '用户模块', '查询所有用户');
INSERT INTO `tb_log` VALUES ('1517076833705771009', '2022-04-21 17:44:38', 'admin', 'admin', '/user/queryUser', '用户模块', '查询所有用户');
INSERT INTO `tb_log` VALUES ('1517076844300582913', '2022-04-21 17:44:40', 'admin', 'admin', '/user/queryUser', '用户模块', '查询所有用户');
INSERT INTO `tb_log` VALUES ('1517076851552534529', '2022-04-21 17:44:42', 'admin', 'admin', '/user/queryUser', '用户模块', '查询所有用户');
INSERT INTO `tb_log` VALUES ('1517076866748497922', '2022-04-21 17:44:46', 'admin', 'admin', '/user/queryUser', '用户模块', '查询所有用户');
INSERT INTO `tb_log` VALUES ('1517076880879108097', '2022-04-21 17:44:49', 'admin', 'admin', '/user/queryUser', '用户模块', '查询所有用户');
INSERT INTO `tb_log` VALUES ('1517076883685097474', '2022-04-21 17:44:50', 'admin', 'admin', '/user/queryUser', '用户模块', '查询所有用户');
INSERT INTO `tb_log` VALUES ('1517076905738747905', '2022-04-21 17:44:55', 'admin', 'admin', '/user/queryUser', '用户模块', '查询所有用户');
INSERT INTO `tb_log` VALUES ('1517076960679936002', '2022-04-21 17:45:08', 'admin', 'admin', '/user/queryUser', '用户模块', '查询所有用户');
INSERT INTO `tb_log` VALUES ('1517076978941935617', '2022-04-21 17:45:12', 'admin', 'admin', '/user/queryUser', '用户模块', '查询所有用户');
INSERT INTO `tb_log` VALUES ('1517077032352202753', '2022-04-21 17:45:25', 'admin', 'admin', '/user/queryUser', '用户模块', '查询所有用户');
INSERT INTO `tb_log` VALUES ('1517077252184064002', '2022-04-21 17:46:18', 'admin', 'admin', '/user/queryUser', '用户模块', '查询所有用户');
INSERT INTO `tb_log` VALUES ('1517077254272827393', '2022-04-21 17:46:18', 'admin', 'admin', '/user/queryUser', '用户模块', '查询所有用户');
INSERT INTO `tb_log` VALUES ('1517077320861597698', '2022-04-21 17:46:34', 'admin', 'admin', '/user/queryUser', '用户模块', '查询所有用户');
INSERT INTO `tb_log` VALUES ('1517077400666619906', '2022-04-21 17:46:53', 'admin', 'admin', '/user/queryUser', '用户模块', '查询所有用户');
INSERT INTO `tb_log` VALUES ('1517077444383850498', '2022-04-21 17:47:03', 'admin', 'admin', '/user/queryUser', '用户模块', '查询所有用户');
INSERT INTO `tb_log` VALUES ('1517077457709154305', '2022-04-21 17:47:07', 'admin', 'admin', '/user/queryUser', '用户模块', '查询所有用户');
INSERT INTO `tb_log` VALUES ('1517080789647474689', '2022-04-21 18:00:21', 'admin', 'admin', '/user/queryUser', '用户模块', '查询所有用户');
INSERT INTO `tb_log` VALUES ('1517081011672862721', '2022-04-21 18:01:14', 'admin', 'admin', '/user/queryUser', '用户模块', '查询所有用户');
INSERT INTO `tb_log` VALUES ('1517081626801086465', '2022-04-21 18:03:40', 'admin', 'admin', '/user/queryUser', '用户模块', '查询所有用户');
INSERT INTO `tb_log` VALUES ('1517082303828979713', '2022-04-21 18:06:22', 'admin', 'admin', '/user/queryUser', '用户模块', '查询所有用户');
INSERT INTO `tb_log` VALUES ('1517082710735118338', '2022-04-21 18:07:59', 'admin', 'admin', '/user/queryUser', '用户模块', '查询所有用户');
INSERT INTO `tb_log` VALUES ('1517082878201094145', '2022-04-21 18:08:39', 'admin', 'admin', '/user/updateUser', '用户模块', '更新一个用户');
INSERT INTO `tb_log` VALUES ('1517082884085702658', '2022-04-21 18:08:40', 'admin', 'admin', '/user/queryUser', '用户模块', '查询所有用户');
INSERT INTO `tb_log` VALUES ('1517087736991875074', '2022-04-21 18:27:57', 'admin', 'admin', '/user/queryUser', '用户模块', '查询所有用户');
INSERT INTO `tb_log` VALUES ('1517087757745291266', '2022-04-21 18:28:02', 'admin', 'admin', '/user/deleteUser', '用户模块', '删除一个用户');
INSERT INTO `tb_log` VALUES ('1517087769254461442', '2022-04-21 18:28:05', 'admin', 'admin', '/user/queryUser', '用户模块', '查询所有用户');
INSERT INTO `tb_log` VALUES ('1517122062743891970', '2022-04-21 20:44:21', 'admin', 'admin', '/user/queryUser', '用户模块', '查询所有用户');
INSERT INTO `tb_log` VALUES ('1517122091055443969', '2022-04-21 20:44:28', 'admin', 'admin', '/user/queryUser', '用户模块', '查询所有用户');
INSERT INTO `tb_log` VALUES ('1517122116225462273', '2022-04-21 20:44:34', 'admin', 'admin', '/user/deleteUser', '用户模块', '删除一个用户');
INSERT INTO `tb_log` VALUES ('1517122138576908289', '2022-04-21 20:44:39', 'admin', 'admin', '/user/queryUser', '用户模块', '查询所有用户');
INSERT INTO `tb_log` VALUES ('1517122146818715650', '2022-04-21 20:44:41', 'admin', 'admin', '/user/queryUser', '用户模块', '查询所有用户');
INSERT INTO `tb_log` VALUES ('1517122149226246145', '2022-04-21 20:44:42', 'admin', 'admin', '/user/queryUser', '用户模块', '查询所有用户');
INSERT INTO `tb_log` VALUES ('1517122151335981057', '2022-04-21 20:44:42', 'admin', 'admin', '/user/queryUser', '用户模块', '查询所有用户');
INSERT INTO `tb_log` VALUES ('1517122396144812033', '2022-04-21 20:45:41', 'admin', 'admin', '/user/queryUser', '用户模块', '查询所有用户');
INSERT INTO `tb_log` VALUES ('1517122433402814466', '2022-04-21 20:45:50', 'admin', 'admin', '/user/deleteUser', '用户模块', '删除一个用户');
INSERT INTO `tb_log` VALUES ('1517122433537032193', '2022-04-21 20:45:50', 'admin', 'admin', '/user/queryUser', '用户模块', '查询所有用户');
INSERT INTO `tb_log` VALUES ('1517122455217389570', '2022-04-21 20:45:55', 'admin', 'admin', '/user/queryUser', '用户模块', '查询所有用户');
INSERT INTO `tb_log` VALUES ('1517122458564444161', '2022-04-21 20:45:56', 'admin', 'admin', '/user/queryUser', '用户模块', '查询所有用户');
INSERT INTO `tb_log` VALUES ('1517122710281424897', '2022-04-21 20:46:56', 'admin', 'admin', '/user/queryUser', '用户模块', '查询所有用户');
INSERT INTO `tb_log` VALUES ('1517122746717343746', '2022-04-21 20:47:04', 'admin', 'admin', '/user/deleteUser', '用户模块', '删除一个用户');
INSERT INTO `tb_log` VALUES ('1517122765147115521', '2022-04-21 20:47:09', 'admin', 'admin', '/user/queryUser', '用户模块', '查询所有用户');
INSERT INTO `tb_log` VALUES ('1517125497648082945', '2022-04-21 20:58:00', 'admin', 'admin', '/user/queryUser', '用户模块', '查询所有用户');
INSERT INTO `tb_log` VALUES ('1517125505915056129', '2022-04-21 20:58:02', 'admin', 'admin', '/user/queryUser', '用户模块', '查询所有用户');
INSERT INTO `tb_log` VALUES ('1517125689998864385', '2022-04-21 20:58:46', 'admin', 'admin', '/user/queryUser', '用户模块', '查询所有用户');
INSERT INTO `tb_log` VALUES ('1517125692691607553', '2022-04-21 20:58:47', 'admin', 'admin', '/user/queryUser', '用户模块', '查询所有用户');
INSERT INTO `tb_log` VALUES ('1517126466846941185', '2022-04-21 21:01:51', 'admin', 'admin', '/user/queryUser', '用户模块', '查询所有用户');
INSERT INTO `tb_log` VALUES ('1517126517979701250', '2022-04-21 21:02:03', 'admin', 'admin', '/user/queryUser', '用户模块', '查询所有用户');
INSERT INTO `tb_log` VALUES ('1517126522673127426', '2022-04-21 21:02:05', 'admin', 'admin', '/user/queryUser', '用户模块', '查询所有用户');
INSERT INTO `tb_log` VALUES ('1517126525806272513', '2022-04-21 21:02:05', 'admin', 'admin', '/user/queryUser', '用户模块', '查询所有用户');
INSERT INTO `tb_log` VALUES ('1517126557766868993', '2022-04-21 21:02:13', 'admin', 'admin', '/user/queryUser', '用户模块', '查询所有用户');
INSERT INTO `tb_log` VALUES ('1517126559981461505', '2022-04-21 21:02:13', 'admin', 'admin', '/user/queryUser', '用户模块', '查询所有用户');
INSERT INTO `tb_log` VALUES ('1517126563513065473', '2022-04-21 21:02:14', 'admin', 'admin', '/user/queryUser', '用户模块', '查询所有用户');
INSERT INTO `tb_log` VALUES ('1517126646929297409', '2022-04-21 21:02:34', 'admin', 'admin', '/user/queryUser', '用户模块', '查询所有用户');
INSERT INTO `tb_log` VALUES ('1517127344936988673', '2022-04-21 21:05:21', 'admin', 'admin', '/user/queryUser', '用户模块', '查询所有用户');
INSERT INTO `tb_log` VALUES ('1517128382645555202', '2022-04-21 21:09:28', 'admin', 'admin', '/user/queryUser', '用户模块', '查询所有用户');
INSERT INTO `tb_log` VALUES ('1517130578422419457', '2022-04-21 21:18:11', 'admin', 'admin', '/user/deleteUser', '用户模块', '删除一个用户');
INSERT INTO `tb_log` VALUES ('1517130585082974209', '2022-04-21 21:18:13', 'admin', 'admin', '/user/queryUser', '用户模块', '查询所有用户');
INSERT INTO `tb_log` VALUES ('1517130666536357890', '2022-04-21 21:18:32', 'admin', 'admin', '/user/queryUser', '用户模块', '查询所有用户');
INSERT INTO `tb_log` VALUES ('1517131308625567746', '2022-04-21 21:21:06', 'admin', 'admin', '/user/queryUser', '用户模块', '查询所有用户');
INSERT INTO `tb_log` VALUES ('1517131336614158338', '2022-04-21 21:21:12', 'admin', 'admin', '/user/queryUser', '用户模块', '查询所有用户');
INSERT INTO `tb_log` VALUES ('1517131808544735233', '2022-04-21 21:23:05', 'admin', 'admin', '/user/queryUser', '用户模块', '查询所有用户');
INSERT INTO `tb_log` VALUES ('1517131930917748737', '2022-04-21 21:23:34', 'admin', 'admin', '/user/insertUser', '用户模块', '新增一个用户');
INSERT INTO `tb_log` VALUES ('1517131935913164801', '2022-04-21 21:23:35', 'admin', 'admin', '/user/queryUser', '用户模块', '查询所有用户');
INSERT INTO `tb_log` VALUES ('1517131947942428673', '2022-04-21 21:23:38', 'admin', 'admin', '/user/queryUser', '用户模块', '查询所有用户');
INSERT INTO `tb_log` VALUES ('1517132627130224642', '2022-04-21 21:26:20', 'admin', 'admin', '/user/queryUser', '用户模块', '查询所有用户');
INSERT INTO `tb_log` VALUES ('1517133478569746433', '2022-04-21 21:29:43', 'admin', 'admin', '/user/queryUser', '用户模块', '查询所有用户');
INSERT INTO `tb_log` VALUES ('1517133532286197761', '2022-04-21 21:29:56', 'admin', 'admin', '/user/queryUser', '用户模块', '查询所有用户');
INSERT INTO `tb_log` VALUES ('1517133828534063106', '2022-04-21 21:31:06', 'admin', 'admin', '/user/queryUser', '用户模块', '查询所有用户');
INSERT INTO `tb_log` VALUES ('1517134159242350594', '2022-04-21 21:32:25', 'admin', 'admin', '/user/insertUser', '用户模块', '新增一个用户');
INSERT INTO `tb_log` VALUES ('1517134411810754561', '2022-04-21 21:33:25', 'admin', 'admin', '/user/queryUser', '用户模块', '查询所有用户');
INSERT INTO `tb_log` VALUES ('1517134579557748737', '2022-04-21 21:34:05', 'admin', 'admin', '/user/queryUser', '用户模块', '查询所有用户');
INSERT INTO `tb_log` VALUES ('1517135345722871809', '2022-04-21 21:37:08', 'admin', 'admin', '/user/queryUser', '用户模块', '查询所有用户');
INSERT INTO `tb_log` VALUES ('1517136454919131137', '2022-04-21 21:41:33', 'admin', 'admin', '/user/queryUser', '用户模块', '查询所有用户');
INSERT INTO `tb_log` VALUES ('1517136493716443138', '2022-04-21 21:41:42', 'admin', 'admin', '/user/insertUser', '用户模块', '新增一个用户');
INSERT INTO `tb_log` VALUES ('1517136497763946498', '2022-04-21 21:41:43', 'admin', 'admin', '/user/queryUser', '用户模块', '查询所有用户');
INSERT INTO `tb_log` VALUES ('1517136527757414402', '2022-04-21 21:41:50', 'admin', 'admin', '/user/queryUser', '用户模块', '查询所有用户');
INSERT INTO `tb_log` VALUES ('1517137061180608513', '2022-04-21 21:43:57', 'admin', 'admin', '/user/insertUser', '用户模块', '新增一个用户');
INSERT INTO `tb_log` VALUES ('1517137176532357121', '2022-04-21 21:44:25', 'admin', 'admin', '/user/queryUser', '用户模块', '查询所有用户');
INSERT INTO `tb_log` VALUES ('1517140219151802369', '2022-04-21 21:56:30', 'admin', 'admin', '/user/queryUser', '用户模块', '查询所有用户');
INSERT INTO `tb_log` VALUES ('1517140286524907522', '2022-04-21 21:56:46', 'admin', 'admin', '/user/insertUser', '用户模块', '新增一个用户');
INSERT INTO `tb_log` VALUES ('1517140426920845314', '2022-04-21 21:57:20', 'admin', 'admin', '/user/insertUser', '用户模块', '新增一个用户');
INSERT INTO `tb_log` VALUES ('1517140431677186050', '2022-04-21 21:57:21', 'admin', 'admin', '/user/queryUser', '用户模块', '查询所有用户');
INSERT INTO `tb_log` VALUES ('1517140484642856961', '2022-04-21 21:57:33', 'admin', 'admin', '/user/insertUser', '用户模块', '新增一个用户');
INSERT INTO `tb_log` VALUES ('1517142936582651906', '2022-04-21 22:07:18', 'admin', 'admin', '/user/queryUser', '用户模块', '查询所有用户');
INSERT INTO `tb_log` VALUES ('1517142968903958530', '2022-04-21 22:07:26', 'admin', 'admin', '/user/insertUser', '用户模块', '新增一个用户');
INSERT INTO `tb_log` VALUES ('1517143095517413378', '2022-04-21 22:07:56', 'admin', 'admin', '/user/insertUser', '用户模块', '新增一个用户');
INSERT INTO `tb_log` VALUES ('1517143099694940161', '2022-04-21 22:07:57', 'admin', 'admin', '/user/queryUser', '用户模块', '查询所有用户');
INSERT INTO `tb_log` VALUES ('1517144198254460929', '2022-04-21 22:12:19', 'admin', 'admin', '/user/insertUser', '用户模块', '新增一个用户');
INSERT INTO `tb_log` VALUES ('1517144202381656066', '2022-04-21 22:12:20', 'admin', 'admin', '/user/queryUser', '用户模块', '查询所有用户');
INSERT INTO `tb_log` VALUES ('1517144513552875521', '2022-04-21 22:13:34', 'admin', 'admin', '/user/insertUser', '用户模块', '新增一个用户');
INSERT INTO `tb_log` VALUES ('1517144517965283329', '2022-04-21 22:13:35', 'admin', 'admin', '/user/queryUser', '用户模块', '查询所有用户');
INSERT INTO `tb_log` VALUES ('1517144564090044417', '2022-04-21 22:13:46', 'admin', 'admin', '/user/queryUser', '用户模块', '查询所有用户');
INSERT INTO `tb_log` VALUES ('1517145002378035202', '2022-04-21 22:15:30', 'admin', 'admin', '/user/insertUser', '用户模块', '新增一个用户');
INSERT INTO `tb_log` VALUES ('1517145006635253761', '2022-04-21 22:15:31', 'admin', 'admin', '/user/queryUser', '用户模块', '查询所有用户');
INSERT INTO `tb_log` VALUES ('1517145024301662210', '2022-04-21 22:15:36', 'admin', 'admin', '/user/queryUser', '用户模块', '查询所有用户');
INSERT INTO `tb_log` VALUES ('1517146028321546241', '2022-04-21 22:19:35', 'admin', 'admin', '/user/queryUser', '用户模块', '查询所有用户');
INSERT INTO `tb_log` VALUES ('1517146101986107394', '2022-04-21 22:19:53', 'admin', 'admin', '/user/insertUser', '用户模块', '新增一个用户');
INSERT INTO `tb_log` VALUES ('1517146375370842113', '2022-04-21 22:20:58', 'admin', 'admin', '/user/queryUser', '用户模块', '查询所有用户');
INSERT INTO `tb_log` VALUES ('1517146427430543362', '2022-04-21 22:21:10', 'admin', 'admin', '/user/insertUser', '用户模块', '新增一个用户');
INSERT INTO `tb_log` VALUES ('1517146484494049281', '2022-04-21 22:21:24', 'admin', 'admin', '/user/queryUser', '用户模块', '查询所有用户');
INSERT INTO `tb_log` VALUES ('1517146612227383298', '2022-04-21 22:21:54', 'admin', 'admin', '/user/insertUser', '用户模块', '新增一个用户');
INSERT INTO `tb_log` VALUES ('1517146636529180674', '2022-04-21 22:22:00', 'admin', 'admin', '/user/queryUser', '用户模块', '查询所有用户');
INSERT INTO `tb_log` VALUES ('1517146748135415810', '2022-04-21 22:22:27', 'admin', 'admin', '/user/insertUser', '用户模块', '新增一个用户');
INSERT INTO `tb_log` VALUES ('1517146779492032513', '2022-04-21 22:22:34', 'admin', 'admin', '/user/queryUser', '用户模块', '查询所有用户');
INSERT INTO `tb_log` VALUES ('1517146835230138369', '2022-04-21 22:22:47', 'admin', 'admin', '/user/insertUser', '用户模块', '新增一个用户');
INSERT INTO `tb_log` VALUES ('1517146939399872514', '2022-04-21 22:23:12', 'admin', 'admin', '/user/deleteUser', '用户模块', '删除一个用户');
INSERT INTO `tb_log` VALUES ('1517146949197766657', '2022-04-21 22:23:15', 'admin', 'admin', '/user/deleteUser', '用户模块', '删除一个用户');
INSERT INTO `tb_log` VALUES ('1517146957229858817', '2022-04-21 22:23:16', 'admin', 'admin', '/user/deleteUser', '用户模块', '删除一个用户');
INSERT INTO `tb_log` VALUES ('1517149929594683393', '2022-04-21 22:35:05', 'admin', 'admin', '/user/queryUser', '用户模块', '查询所有用户');
INSERT INTO `tb_log` VALUES ('1517150007289970689', '2022-04-21 22:35:24', 'admin', 'admin', '/user/insertUser', '用户模块', '新增一个用户');
INSERT INTO `tb_log` VALUES ('1517151337433915393', '2022-04-21 22:40:41', 'admin', 'admin', '/user/queryUser', '用户模块', '查询所有用户');
INSERT INTO `tb_log` VALUES ('1517151559706750977', '2022-04-21 22:41:34', 'admin', 'admin', '/user/queryUser', '用户模块', '查询所有用户');
INSERT INTO `tb_log` VALUES ('1517151595836485634', '2022-04-21 22:41:42', 'admin', 'admin', '/user/insertUser', '用户模块', '新增一个用户');
INSERT INTO `tb_log` VALUES ('1517151640078004225', '2022-04-21 22:41:53', 'admin', 'admin', '/user/queryUser', '用户模块', '查询所有用户');
INSERT INTO `tb_log` VALUES ('1517153590580465666', '2022-04-21 22:49:38', 'admin', 'admin', '/user/queryUser', '用户模块', '查询所有用户');
INSERT INTO `tb_log` VALUES ('1517154696391819265', '2022-04-21 22:54:02', 'admin', 'admin', '/user/queryUser', '用户模块', '查询所有用户');
INSERT INTO `tb_log` VALUES ('1517154707255066625', '2022-04-21 22:54:04', 'admin', 'admin', '/user/queryUser', '用户模块', '查询所有用户');
INSERT INTO `tb_log` VALUES ('1517154812938944513', '2022-04-21 22:54:29', 'admin', 'admin', '/user/queryUser', '用户模块', '查询所有用户');
INSERT INTO `tb_log` VALUES ('1517154819301703681', '2022-04-21 22:54:31', 'admin', 'admin', '/user/queryUser', '用户模块', '查询所有用户');
INSERT INTO `tb_log` VALUES ('1517154857499230210', '2022-04-21 22:54:40', 'admin', 'admin', '/user/queryUser', '用户模块', '查询所有用户');
INSERT INTO `tb_log` VALUES ('1517154885471043585', '2022-04-21 22:54:47', 'admin', 'admin', '/user/deleteUser', '用户模块', '删除一个用户');
INSERT INTO `tb_log` VALUES ('1517156035616382978', '2022-04-21 22:59:21', 'admin', 'admin', '/user/queryUser', '用户模块', '查询所有用户');
INSERT INTO `tb_log` VALUES ('1517156041727483906', '2022-04-21 22:59:22', 'admin', 'admin', '/user/queryUser', '用户模块', '查询所有用户');
INSERT INTO `tb_log` VALUES ('1517165629646417921', '2022-04-21 23:37:28', 'admin', 'admin', '/user/queryUser', '用户模块', '查询所有用户');
INSERT INTO `tb_log` VALUES ('1517165663880327169', '2022-04-21 23:37:37', 'admin', 'admin', '/user/updateUser', '用户模块', '更新一个用户');
INSERT INTO `tb_log` VALUES ('1517165669009960961', '2022-04-21 23:37:38', 'admin', 'admin', '/user/queryUser', '用户模块', '查询所有用户');
INSERT INTO `tb_log` VALUES ('1517309742232387585', '2022-04-22 09:10:07', 'admin', 'admin', '/user/queryUser', '用户模块', '查询所有用户');
INSERT INTO `tb_log` VALUES ('1517309756585295874', '2022-04-22 09:10:11', 'admin', 'admin', '/user/queryUser', '用户模块', '查询所有用户');
INSERT INTO `tb_log` VALUES ('1517309919932465153', '2022-04-22 09:10:50', 'admin', 'admin', '/user/updateUser', '用户模块', '更新一个用户');
INSERT INTO `tb_log` VALUES ('1517309947669397505', '2022-04-22 09:10:56', 'admin', 'admin', '/user/queryUser', '用户模块', '查询所有用户');
INSERT INTO `tb_log` VALUES ('1517310149620940802', '2022-04-22 09:11:45', 'admin', 'admin', '/user/queryUser', '用户模块', '查询所有用户');
INSERT INTO `tb_log` VALUES ('1517310198497165313', '2022-04-22 09:11:56', 'admin', 'admin', '/user/updateUser', '用户模块', '更新一个用户');
INSERT INTO `tb_log` VALUES ('1517310204310470658', '2022-04-22 09:11:58', 'admin', 'admin', '/user/queryUser', '用户模块', '查询所有用户');
INSERT INTO `tb_log` VALUES ('1517310254361100290', '2022-04-22 09:12:10', 'admin', 'admin', '/user/updateUser', '用户模块', '更新一个用户');
INSERT INTO `tb_log` VALUES ('1517310271599689730', '2022-04-22 09:12:14', 'admin', 'admin', '/user/updateUser', '用户模块', '更新一个用户');
INSERT INTO `tb_log` VALUES ('1517310292055310338', '2022-04-22 09:12:19', 'admin', 'admin', '/user/updateUser', '用户模块', '更新一个用户');
INSERT INTO `tb_log` VALUES ('1517310313152659458', '2022-04-22 09:12:24', 'admin', 'admin', '/user/updateUser', '用户模块', '更新一个用户');
INSERT INTO `tb_log` VALUES ('1517310338813411329', '2022-04-22 09:12:30', 'admin', 'admin', '/user/queryUser', '用户模块', '查询所有用户');
INSERT INTO `tb_log` VALUES ('1517310375450656770', '2022-04-22 09:12:38', 'admin', 'admin', '/user/updateUser', '用户模块', '更新一个用户');
INSERT INTO `tb_log` VALUES ('1517322395193499650', '2022-04-22 10:00:24', 'admin', 'admin', '/user/queryUser', '用户模块', '查询所有用户');
INSERT INTO `tb_log` VALUES ('1517322556716146690', '2022-04-22 10:01:03', 'admin', 'admin', '/user/updateUser', '用户模块', '更新一个用户');
INSERT INTO `tb_log` VALUES ('1517322561233412097', '2022-04-22 10:01:04', 'admin', 'admin', '/user/queryUser', '用户模块', '查询所有用户');
INSERT INTO `tb_log` VALUES ('1517323836880670721', '2022-04-22 10:06:08', 'admin', 'admin', '/user/queryUser', '用户模块', '查询所有用户');
INSERT INTO `tb_log` VALUES ('1517323854018596865', '2022-04-22 10:06:12', 'admin', 'admin', '/user/queryUser', '用户模块', '查询所有用户');
INSERT INTO `tb_log` VALUES ('1517324055940702209', '2022-04-22 10:07:00', 'admin', 'admin', '/user/queryUser', '用户模块', '查询所有用户');
INSERT INTO `tb_log` VALUES ('1517324081681145857', '2022-04-22 10:07:06', 'admin', 'admin', '/user/queryUser', '用户模块', '查询所有用户');
INSERT INTO `tb_log` VALUES ('1517324091835555841', '2022-04-22 10:07:09', 'admin', 'admin', '/user/queryUser', '用户模块', '查询所有用户');
INSERT INTO `tb_log` VALUES ('1517324093924319233', '2022-04-22 10:07:09', 'admin', 'admin', '/user/queryUser', '用户模块', '查询所有用户');
INSERT INTO `tb_log` VALUES ('1517324095887253505', '2022-04-22 10:07:10', 'admin', 'admin', '/user/queryUser', '用户模块', '查询所有用户');
INSERT INTO `tb_log` VALUES ('1517324359339995138', '2022-04-22 10:08:12', 'admin', 'admin', '/user/queryUser', '用户模块', '查询所有用户');
INSERT INTO `tb_log` VALUES ('1517324368265474050', '2022-04-22 10:08:15', 'admin', 'admin', '/user/queryUser', '用户模块', '查询所有用户');
INSERT INTO `tb_log` VALUES ('1517324371318927362', '2022-04-22 10:08:15', 'admin', 'admin', '/user/queryUser', '用户模块', '查询所有用户');
INSERT INTO `tb_log` VALUES ('1517324373248307202', '2022-04-22 10:08:16', 'admin', 'admin', '/user/queryUser', '用户模块', '查询所有用户');
INSERT INTO `tb_log` VALUES ('1517324374368186370', '2022-04-22 10:08:16', 'admin', 'admin', '/user/queryUser', '用户模块', '查询所有用户');
INSERT INTO `tb_log` VALUES ('1517324934341304322', '2022-04-22 10:10:30', 'admin', 'admin', '/user/queryUser', '用户模块', '查询所有用户');
INSERT INTO `tb_log` VALUES ('1517324942985764865', '2022-04-22 10:10:32', 'admin', 'admin', '/user/queryUser', '用户模块', '查询所有用户');
INSERT INTO `tb_log` VALUES ('1517324946303459329', '2022-04-22 10:10:32', 'admin', 'admin', '/user/queryUser', '用户模块', '查询所有用户');
INSERT INTO `tb_log` VALUES ('1517324949533073409', '2022-04-22 10:10:33', 'admin', 'admin', '/user/queryUser', '用户模块', '查询所有用户');
INSERT INTO `tb_log` VALUES ('1517324950329991170', '2022-04-22 10:10:33', 'admin', 'admin', '/user/queryUser', '用户模块', '查询所有用户');
INSERT INTO `tb_log` VALUES ('1517325059377643522', '2022-04-22 10:10:59', 'admin', 'admin', '/user/queryUser', '用户模块', '查询所有用户');
INSERT INTO `tb_log` VALUES ('1517325094924369922', '2022-04-22 10:11:08', 'admin', 'admin', '/user/queryUser', '用户模块', '查询所有用户');
INSERT INTO `tb_log` VALUES ('1517325102109212673', '2022-04-22 10:11:10', 'admin', 'admin', '/user/queryUser', '用户模块', '查询所有用户');
INSERT INTO `tb_log` VALUES ('1517325471333773314', '2022-04-22 10:12:38', 'admin', 'admin', '/user/queryUser', '用户模块', '查询所有用户');
INSERT INTO `tb_log` VALUES ('1517326136667828225', '2022-04-22 10:15:16', 'admin', 'admin', '/user/queryUser', '用户模块', '查询所有用户');
INSERT INTO `tb_log` VALUES ('1517330366493462530', '2022-04-22 10:32:05', 'admin', 'admin', '/user/queryUser', '用户模块', '查询所有用户');
INSERT INTO `tb_log` VALUES ('1517331645861052417', '2022-04-22 10:37:10', 'admin', 'admin', '/user/queryUser', '用户模块', '查询所有用户');
INSERT INTO `tb_log` VALUES ('1517331691109203969', '2022-04-22 10:37:20', 'admin', 'admin', '/user/queryUser', '用户模块', '查询所有用户');
INSERT INTO `tb_log` VALUES ('1517332313682296833', '2022-04-22 10:39:49', 'admin', 'admin', '/user/queryUser', '用户模块', '查询所有用户');
INSERT INTO `tb_log` VALUES ('1517332338378358786', '2022-04-22 10:39:55', 'admin', 'admin', '/user/queryUser', '用户模块', '查询所有用户');
INSERT INTO `tb_log` VALUES ('1517339692138307586', '2022-04-22 11:09:08', 'admin', 'admin', '/user/queryUser', '用户模块', '查询所有用户');
INSERT INTO `tb_log` VALUES ('1517339938650136577', '2022-04-22 11:10:07', 'wxh', '王小虎', '/user/queryUser', '用户模块', '查询所有用户');
INSERT INTO `tb_log` VALUES ('1517340483255345153', '2022-04-22 11:12:17', 'wxh', '王小虎', '/user/queryUser', '用户模块', '查询所有用户');
INSERT INTO `tb_log` VALUES ('1517340759462842369', '2022-04-22 11:13:23', 'wxh', '王小虎', '/user/queryUser', '用户模块', '查询所有用户');
INSERT INTO `tb_log` VALUES ('1517345211833921538', '2022-04-22 11:31:04', 'admin', 'admin', '/user/queryUser', '用户模块', '查询所有用户');
INSERT INTO `tb_log` VALUES ('1517347288710668289', '2022-04-22 11:39:19', 'admin', 'admin', '/user/queryUser', '用户模块', '查询所有用户');
INSERT INTO `tb_log` VALUES ('1517371775544008706', '2022-04-22 13:16:37', 'admin', 'admin', '/user/queryUser', '用户模块', '查询所有用户');
INSERT INTO `tb_log` VALUES ('1517372055174094850', '2022-04-22 13:17:44', 'admin', 'admin', '/user/queryUser', '用户模块', '查询所有用户');
INSERT INTO `tb_log` VALUES ('1517380341004877825', '2022-04-22 13:50:39', 'admin', 'admin', '/user/queryUser', '用户模块', '查询所有用户');
INSERT INTO `tb_log` VALUES ('1517383602923487233', '2022-04-22 14:03:37', 'admin', 'admin', '/user/queryUser', '用户模块', '查询所有用户');
INSERT INTO `tb_log` VALUES ('1517383659714363393', '2022-04-22 14:03:51', 'admin', 'admin', '/user/queryUser', '用户模块', '查询所有用户');
INSERT INTO `tb_log` VALUES ('1517383666727239681', '2022-04-22 14:03:52', 'admin', 'admin', '/user/queryUser', '用户模块', '查询所有用户');
INSERT INTO `tb_log` VALUES ('1517387809730613249', '2022-04-22 14:20:20', 'admin', 'admin', '/user/queryUser', '用户模块', '查询所有用户');
INSERT INTO `tb_log` VALUES ('1517387938583826434', '2022-04-22 14:20:51', 'admin', 'admin', '/user/queryUser', '用户模块', '查询所有用户');
INSERT INTO `tb_log` VALUES ('1517387972079538177', '2022-04-22 14:20:59', 'admin', 'admin', '/user/queryUser', '用户模块', '查询所有用户');
INSERT INTO `tb_log` VALUES ('1517388416902254594', '2022-04-22 14:22:45', 'wxh', '王小虎', '/user/queryUser', '用户模块', '查询所有用户');
INSERT INTO `tb_log` VALUES ('1517389268954230786', '2022-04-22 14:26:08', 'wxh', '王小虎', '/user/queryUser', '用户模块', '查询所有用户');
INSERT INTO `tb_log` VALUES ('1517389899945254913', '2022-04-22 14:28:39', 'wxh', '王小虎', '/user/queryUser', '用户模块', '查询所有用户');
INSERT INTO `tb_log` VALUES ('1517390021466824705', '2022-04-22 14:29:08', 'wxh', '王小虎', '/user/queryUser', '用户模块', '查询所有用户');
INSERT INTO `tb_log` VALUES ('1517390072939323393', '2022-04-22 14:29:20', 'wxh', '王小虎', '/user/queryUser', '用户模块', '查询所有用户');
INSERT INTO `tb_log` VALUES ('1517390747559567362', '2022-04-22 14:32:01', 'wxh', '王小虎', '/user/queryUser', '用户模块', '查询所有用户');
INSERT INTO `tb_log` VALUES ('1517390755969146881', '2022-04-22 14:32:03', 'wxh', '王小虎', '/user/queryUser', '用户模块', '查询所有用户');
INSERT INTO `tb_log` VALUES ('1517390757676228609', '2022-04-22 14:32:03', 'wxh', '王小虎', '/user/queryUser', '用户模块', '查询所有用户');
INSERT INTO `tb_log` VALUES ('1517390760343805954', '2022-04-22 14:32:04', 'wxh', '王小虎', '/user/queryUser', '用户模块', '查询所有用户');
INSERT INTO `tb_log` VALUES ('1517391263668674562', '2022-04-22 14:34:04', 'wxh', '王小虎', '/user/queryUser', '用户模块', '查询所有用户');
INSERT INTO `tb_log` VALUES ('1517392423511154690', '2022-04-22 14:38:40', 'wxh', '王小虎', '/user/queryUser', '用户模块', '查询所有用户');
INSERT INTO `tb_log` VALUES ('1517393621412773889', '2022-04-22 14:43:26', 'wxh', '王小虎', '/user/queryUser', '用户模块', '查询所有用户');
INSERT INTO `tb_log` VALUES ('1517396731069759489', '2022-04-22 14:55:47', 'wxh', '王小虎', '/user/queryUser', '用户模块', '查询所有用户');
INSERT INTO `tb_log` VALUES ('1517396926046175233', '2022-04-22 14:56:34', 'wxh', '王小虎', '/user/queryUser', '用户模块', '查询所有用户');
INSERT INTO `tb_log` VALUES ('1517400000605245441', '2022-04-22 15:08:47', 'admin', 'admin', '/user/queryUser', '用户模块', '查询所有用户');
INSERT INTO `tb_log` VALUES ('1517400279593562113', '2022-04-22 15:09:53', 'admin', 'admin', '/user/queryUser', '用户模块', '查询所有用户');
INSERT INTO `tb_log` VALUES ('1517400713511088130', '2022-04-22 15:11:37', 'admin', 'admin', '/user/queryUser', '用户模块', '查询所有用户');
INSERT INTO `tb_log` VALUES ('1517400739163451394', '2022-04-22 15:11:43', 'admin', 'admin', '/user/queryUser', '用户模块', '查询所有用户');
INSERT INTO `tb_log` VALUES ('1517400825989738498', '2022-04-22 15:12:04', 'admin', 'admin', '/user/queryUser', '用户模块', '查询所有用户');
INSERT INTO `tb_log` VALUES ('1517400838602010626', '2022-04-22 15:12:07', 'admin', 'admin', '/user/queryUser', '用户模块', '查询所有用户');
INSERT INTO `tb_log` VALUES ('1517400874027102209', '2022-04-22 15:12:15', 'admin', 'admin', '/user/queryUser', '用户模块', '查询所有用户');
INSERT INTO `tb_log` VALUES ('1517400998224637954', '2022-04-22 15:12:45', 'admin', 'admin', '/user/queryUser', '用户模块', '查询所有用户');
INSERT INTO `tb_log` VALUES ('1517401045926457345', '2022-04-22 15:12:56', 'admin', 'admin', '/user/queryUser', '用户模块', '查询所有用户');
INSERT INTO `tb_log` VALUES ('1517401329922785282', '2022-04-22 15:14:04', 'admin', 'admin', '/user/queryUser', '用户模块', '查询所有用户');
INSERT INTO `tb_log` VALUES ('1517401507589308418', '2022-04-22 15:14:46', 'admin', 'admin', '/user/queryUser', '用户模块', '查询所有用户');
INSERT INTO `tb_log` VALUES ('1517401820438249473', '2022-04-22 15:16:01', 'wxh', '王小虎', '/user/queryUser', '用户模块', '查询所有用户');
INSERT INTO `tb_log` VALUES ('1517401833931325441', '2022-04-22 15:16:04', 'wxh', '王小虎', '/user/queryUser', '用户模块', '查询所有用户');
INSERT INTO `tb_log` VALUES ('1517402119693524994', '2022-04-22 15:17:12', 'wxh', '王小虎', '/user/queryUser', '用户模块', '查询所有用户');
INSERT INTO `tb_log` VALUES ('1517402348396339202', '2022-04-22 15:18:06', 'wxh', '王小虎', '/user/queryUser', '用户模块', '查询所有用户');
INSERT INTO `tb_log` VALUES ('1517403811080151042', '2022-04-22 15:23:55', 'wxh', '王小虎', '/user/queryUser', '用户模块', '查询所有用户');
INSERT INTO `tb_log` VALUES ('1517403841526603777', '2022-04-22 15:24:02', 'wxh', '王小虎', '/user/updateUser', '用户模块', '更新一个用户');
INSERT INTO `tb_log` VALUES ('1517403847125999617', '2022-04-22 15:24:04', 'wxh', '王小虎', '/user/queryUser', '用户模块', '查询所有用户');
INSERT INTO `tb_log` VALUES ('1517403862170968066', '2022-04-22 15:24:07', 'wxh', '王小虎', '/user/queryUser', '用户模块', '查询所有用户');
INSERT INTO `tb_log` VALUES ('1517403882337181697', '2022-04-22 15:24:12', 'wxh', '王小虎', '/user/updateUser', '用户模块', '更新一个用户');
INSERT INTO `tb_log` VALUES ('1517403889626882049', '2022-04-22 15:24:14', 'wxh', '王小虎', '/user/queryUser', '用户模块', '查询所有用户');
INSERT INTO `tb_log` VALUES ('1517403909612740610', '2022-04-22 15:24:19', 'wxh', '王小虎', '/user/updateUser', '用户模块', '更新一个用户');
INSERT INTO `tb_log` VALUES ('1517403916826943489', '2022-04-22 15:24:20', 'wxh', '王小虎', '/user/queryUser', '用户模块', '查询所有用户');
INSERT INTO `tb_log` VALUES ('1517404375507640321', '2022-04-22 15:26:10', 'admin', 'admin', '/user/queryUser', '用户模块', '查询所有用户');
INSERT INTO `tb_log` VALUES ('1517404396084895745', '2022-04-22 15:26:15', 'admin', 'admin', '/user/queryUser', '用户模块', '查询所有用户');
INSERT INTO `tb_log` VALUES ('1517404960822697986', '2022-04-22 15:28:29', 'admin', 'admin', '/user/queryUser', '用户模块', '查询所有用户');
INSERT INTO `tb_log` VALUES ('1517405581168648193', '2022-04-22 15:30:57', 'admin', 'admin', '/user/queryUser', '用户模块', '查询所有用户');
INSERT INTO `tb_log` VALUES ('1517407088517677057', '2022-04-22 15:36:57', 'admin', 'admin', '/user/queryUser', '用户模块', '查询所有用户');
INSERT INTO `tb_log` VALUES ('1517407114820157442', '2022-04-22 15:37:03', 'admin', 'admin', '/user/queryUser', '用户模块', '查询所有用户');
INSERT INTO `tb_log` VALUES ('1517407124018266114', '2022-04-22 15:37:05', 'admin', 'admin', '/user/queryUser', '用户模块', '查询所有用户');
INSERT INTO `tb_log` VALUES ('1517408276751417345', '2022-04-22 15:41:40', 'admin', 'admin', '/user/queryUser', '用户模块', '查询所有用户');
INSERT INTO `tb_log` VALUES ('1517408680822181890', '2022-04-22 15:43:16', 'admin', 'admin', '/user/queryUser', '用户模块', '查询所有用户');
INSERT INTO `tb_log` VALUES ('1517409137300873217', '2022-04-22 15:45:05', 'admin', 'admin', '/user/queryUser', '用户模块', '查询所有用户');
INSERT INTO `tb_log` VALUES ('1517409370059579394', '2022-04-22 15:46:01', 'admin', 'admin', '/user/queryUser', '用户模块', '查询所有用户');
INSERT INTO `tb_log` VALUES ('1517409722037182465', '2022-04-22 15:47:25', 'admin', 'admin', '/user/queryUser', '用户模块', '查询所有用户');
INSERT INTO `tb_log` VALUES ('1517409780711301122', '2022-04-22 15:47:38', 'admin', 'admin', '/user/queryUser', '用户模块', '查询所有用户');
INSERT INTO `tb_log` VALUES ('1517410525435142146', '2022-04-22 15:50:36', 'admin', 'admin', '/user/queryUser', '用户模块', '查询所有用户');
INSERT INTO `tb_log` VALUES ('1517410603445002241', '2022-04-22 15:50:55', 'admin', 'admin', '/user/queryUser', '用户模块', '查询所有用户');
INSERT INTO `tb_log` VALUES ('1517412067286568961', '2022-04-22 15:56:44', 'admin', 'admin', '/user/queryUser', '用户模块', '查询所有用户');
INSERT INTO `tb_log` VALUES ('1517412159448010753', '2022-04-22 15:57:06', 'admin', 'admin', '/user/queryUser', '用户模块', '查询所有用户');
INSERT INTO `tb_log` VALUES ('1517412504559525890', '2022-04-22 15:58:28', 'admin', 'admin', '/user/queryUser', '用户模块', '查询所有用户');
INSERT INTO `tb_log` VALUES ('1517416257450782722', '2022-04-22 16:13:23', 'admin', 'admin', '/user/queryUser', '用户模块', '查询所有用户');
INSERT INTO `tb_log` VALUES ('1517416348211326978', '2022-04-22 16:13:44', 'admin', 'admin', '/user/queryUser', '用户模块', '查询所有用户');
INSERT INTO `tb_log` VALUES ('1517416750872858625', '2022-04-22 16:15:20', 'admin', 'admin', '/user/queryUser', '用户模块', '查询所有用户');
INSERT INTO `tb_log` VALUES ('1517416800122376193', '2022-04-22 16:15:32', 'admin', 'admin', '/user/queryUser', '用户模块', '查询所有用户');
INSERT INTO `tb_log` VALUES ('1517420169234763777', '2022-04-22 16:28:55', 'admin', 'admin', '/user/queryUser', '用户模块', '查询所有用户');
INSERT INTO `tb_log` VALUES ('1517420235248914434', '2022-04-22 16:29:11', 'admin', 'admin', '/user/queryUser', '用户模块', '查询所有用户');
INSERT INTO `tb_log` VALUES ('1517420254177808385', '2022-04-22 16:29:16', 'admin', 'admin', '/user/queryUser', '用户模块', '查询所有用户');
INSERT INTO `tb_log` VALUES ('1517423767284883458', '2022-04-22 16:43:13', 'admin', 'admin', '/user/queryUser', '用户模块', '查询所有用户');
INSERT INTO `tb_log` VALUES ('1517423779104432129', '2022-04-22 16:43:16', 'admin', 'admin', '/user/queryUser', '用户模块', '查询所有用户');
INSERT INTO `tb_log` VALUES ('1517427702984876033', '2022-04-22 16:58:52', 'admin', 'admin', '/user/queryUser', '用户模块', '查询所有用户');
INSERT INTO `tb_log` VALUES ('1517439250499371009', '2022-04-22 17:44:45', 'admin', 'admin', '/user/queryUser', '用户模块', '查询所有用户');
INSERT INTO `tb_log` VALUES ('1517439632214589441', '2022-04-22 17:46:16', 'admin', 'admin', '/user/queryUser', '用户模块', '查询所有用户');
INSERT INTO `tb_log` VALUES ('1517481990301974530', '2022-04-22 20:34:35', 'admin', 'admin', '/user/queryUser', '用户模块', '查询所有用户');
INSERT INTO `tb_log` VALUES ('1517484548949106690', '2022-04-22 20:44:45', 'admin', 'admin', '/user/queryUser', '用户模块', '查询所有用户');
INSERT INTO `tb_log` VALUES ('1517488111565758466', '2022-04-22 20:58:54', 'admin', 'admin', '/user/insertUser', '用户模块', '新增一个用户');
INSERT INTO `tb_log` VALUES ('1517488128724656129', '2022-04-22 20:58:58', 'admin', 'admin', '/user/queryUser', '用户模块', '查询所有用户');
INSERT INTO `tb_log` VALUES ('1517490117340561410', '2022-04-22 21:06:52', 'admin', 'admin', '/user/queryUser', '用户模块', '查询所有用户');
INSERT INTO `tb_log` VALUES ('1517490146566471681', '2022-04-22 21:06:59', 'admin', 'admin', '/user/findCourse', '用户模块', '查询所有用户');
INSERT INTO `tb_log` VALUES ('1517492795697381378', '2022-04-22 21:17:31', 'admin', 'admin', '/user/queryUser', '用户模块', '查询所有用户');
INSERT INTO `tb_log` VALUES ('1517492814156513282', '2022-04-22 21:17:35', 'admin', 'admin', '/user/findCourse', '用户模块', '查询所有用户');
INSERT INTO `tb_log` VALUES ('1517492827133689858', '2022-04-22 21:17:38', 'admin', 'admin', '/user/queryUser', '用户模块', '查询所有用户');
INSERT INTO `tb_log` VALUES ('1517492835480354817', '2022-04-22 21:17:40', 'admin', 'admin', '/user/findCourse', '用户模块', '查询所有用户');
INSERT INTO `tb_log` VALUES ('1517492968922136577', '2022-04-22 21:18:12', 'admin', 'admin', '/user/queryUser', '用户模块', '查询所有用户');
INSERT INTO `tb_log` VALUES ('1517492987335131138', '2022-04-22 21:18:16', 'admin', 'admin', '/user/queryUser', '用户模块', '查询所有用户');
INSERT INTO `tb_log` VALUES ('1517493013054603265', '2022-04-22 21:18:23', 'admin', 'admin', '/user/findCourse', '用户模块', '查询所有用户');
INSERT INTO `tb_log` VALUES ('1517493052753690626', '2022-04-22 21:18:32', 'admin', 'admin', '/user/findCourse', '用户模块', '查询所有用户');
INSERT INTO `tb_log` VALUES ('1517494814659092481', '2022-04-22 21:25:32', 'admin', 'admin', '/user/queryUser', '用户模块', '查询所有用户');
INSERT INTO `tb_log` VALUES ('1517495947477667841', '2022-04-22 21:30:02', 'admin', 'admin', '/user/queryUser', '用户模块', '查询所有用户');
INSERT INTO `tb_log` VALUES ('1517496591420813314', '2022-04-22 21:32:36', 'admin', 'admin', '/user/queryUser', '用户模块', '查询所有用户');
INSERT INTO `tb_log` VALUES ('1517496616561471490', '2022-04-22 21:32:42', 'admin', 'admin', '/user/queryUser', '用户模块', '查询所有用户');
INSERT INTO `tb_log` VALUES ('1517497333275734018', '2022-04-22 21:35:33', 'admin', 'admin', '/user/queryUser', '用户模块', '查询所有用户');
INSERT INTO `tb_log` VALUES ('1517505235751297025', '2022-04-22 22:06:57', 'admin', 'admin', '/user/queryUser', '用户模块', '查询所有用户');
INSERT INTO `tb_log` VALUES ('1517505514072727553', '2022-04-22 22:08:03', 'admin', 'admin', '/user/queryUser', '用户模块', '查询所有用户');
INSERT INTO `tb_log` VALUES ('1517508663684677633', '2022-04-22 22:20:34', 'admin', 'admin', '/user/queryUser', '用户模块', '查询所有用户');
INSERT INTO `tb_log` VALUES ('1517513782249656321', '2022-04-22 22:40:54', 'admin', 'admin', '/user/queryUser', '用户模块', '查询所有用户');
INSERT INTO `tb_log` VALUES ('1517515841158086657', '2022-04-22 22:49:05', 'admin', 'admin', '/user/queryUser', '用户模块', '查询所有用户');
INSERT INTO `tb_log` VALUES ('1517515880391606274', '2022-04-22 22:49:15', 'admin', 'admin', '/user/queryUser', '用户模块', '查询所有用户');
INSERT INTO `tb_log` VALUES ('1517516042526539777', '2022-04-22 22:49:53', 'admin', 'admin', '/user/queryUser', '用户模块', '查询所有用户');
INSERT INTO `tb_log` VALUES ('1517519198601965569', '2022-04-22 23:02:26', 'admin', 'admin', '/user/queryUser', '用户模块', '查询所有用户');
INSERT INTO `tb_log` VALUES ('1517531625661927425', '2022-04-22 23:51:49', 'admin', 'admin', '/user/queryUser', '用户模块', '查询所有用户');
INSERT INTO `tb_log` VALUES ('1517532183022034946', '2022-04-22 23:54:01', 'admin', 'admin', '/user/queryUser', '用户模块', '查询所有用户');
INSERT INTO `tb_log` VALUES ('1517533546980347906', '2022-04-22 23:59:27', 'admin', 'admin', '/user/queryUser', '用户模块', '查询所有用户');
INSERT INTO `tb_log` VALUES ('1517533881211826177', '2022-04-23 00:00:46', 'admin', 'admin', '/user/queryUser', '用户模块', '查询所有用户');
INSERT INTO `tb_log` VALUES ('1517533909363994626', '2022-04-23 00:00:53', 'admin', 'admin', '/user/queryUser', '用户模块', '查询所有用户');
INSERT INTO `tb_log` VALUES ('1517534119502827521', '2022-04-23 00:01:43', 'admin', 'admin', '/user/queryUser', '用户模块', '查询所有用户');
INSERT INTO `tb_log` VALUES ('1517538146693279746', '2022-04-23 00:17:43', 'admin', 'admin', '/user/queryUser', '用户模块', '查询所有用户');
INSERT INTO `tb_log` VALUES ('1517538162430308353', '2022-04-23 00:17:47', 'admin', 'admin', '/user/queryUser', '用户模块', '查询所有用户');
INSERT INTO `tb_log` VALUES ('1517538342076420098', '2022-04-23 00:18:30', 'admin', 'admin', '/user/queryUser', '用户模块', '查询所有用户');
INSERT INTO `tb_log` VALUES ('1517538732134174722', '2022-04-23 00:20:03', 'admin', 'admin', '/user/queryUser', '用户模块', '查询所有用户');
INSERT INTO `tb_log` VALUES ('1517539114101006337', '2022-04-23 00:21:34', 'admin', 'admin', '/user/queryUser', '用户模块', '查询所有用户');
INSERT INTO `tb_log` VALUES ('1517540265542361089', '2022-04-23 00:26:08', 'admin', 'admin', '/user/queryUser', '用户模块', '查询所有用户');
INSERT INTO `tb_log` VALUES ('1517540290985009154', '2022-04-23 00:26:15', 'admin', 'admin', '/user/queryUser', '用户模块', '查询所有用户');
INSERT INTO `tb_log` VALUES ('1517541562387603458', '2022-04-23 00:31:18', 'admin', 'admin', '/user/queryUser', '用户模块', '查询所有用户');
INSERT INTO `tb_log` VALUES ('1517541770383114241', '2022-04-23 00:32:07', 'admin', 'admin', '/user/queryUser', '用户模块', '查询所有用户');
INSERT INTO `tb_log` VALUES ('1517542559205920769', '2022-04-23 00:35:15', 'admin', 'admin', '/user/queryUser', '用户模块', '查询所有用户');
INSERT INTO `tb_log` VALUES ('1517542691435503618', '2022-04-23 00:35:47', 'admin', 'admin', '/user/queryUser', '用户模块', '查询所有用户');
INSERT INTO `tb_log` VALUES ('1517542989856104450', '2022-04-23 00:36:58', 'admin', 'admin', '/user/queryUser', '用户模块', '查询所有用户');
INSERT INTO `tb_log` VALUES ('1517543043962626049', '2022-04-23 00:37:11', 'admin', 'admin', '/user/queryUser', '用户模块', '查询所有用户');
INSERT INTO `tb_log` VALUES ('1517543151982620673', '2022-04-23 00:37:37', 'admin', 'admin', '/user/queryUser', '用户模块', '查询所有用户');
INSERT INTO `tb_log` VALUES ('1517543492987932673', '2022-04-23 00:38:58', 'admin', 'admin', '/user/queryUser', '用户模块', '查询所有用户');
INSERT INTO `tb_log` VALUES ('1517544545691193345', '2022-04-23 00:43:09', 'admin', 'admin', '/user/queryUser', '用户模块', '查询所有用户');
INSERT INTO `tb_log` VALUES ('1517544593292349441', '2022-04-23 00:43:20', 'admin', 'admin', '/user/queryUser', '用户模块', '查询所有用户');
INSERT INTO `tb_log` VALUES ('1517544963808792578', '2022-04-23 00:44:49', 'admin', 'admin', '/user/queryUser', '用户模块', '查询所有用户');
INSERT INTO `tb_log` VALUES ('1517546103631781890', '2022-04-23 00:49:20', 'admin', 'admin', '/user/queryUser', '用户模块', '查询所有用户');
INSERT INTO `tb_log` VALUES ('1517549445959487489', '2022-04-23 01:02:37', 'admin', 'admin', '/user/queryUser', '用户模块', '查询所有用户');
INSERT INTO `tb_log` VALUES ('1517552046767714306', '2022-04-23 01:12:57', 'admin', 'admin', '/user/queryUser', '用户模块', '查询所有用户');
INSERT INTO `tb_log` VALUES ('1517552062014009345', '2022-04-23 01:13:01', 'admin', 'admin', '/user/queryUser', '用户模块', '查询所有用户');
INSERT INTO `tb_log` VALUES ('1517552184730955778', '2022-04-23 01:13:30', 'admin44', 'admin66', '/user/queryUser', '用户模块', '查询所有用户');
INSERT INTO `tb_log` VALUES ('1517552220311236609', '2022-04-23 01:13:39', 'admin44', 'admin66', '/user/deleteUser', '用户模块', '删除一个用户');
INSERT INTO `tb_log` VALUES ('1517552243061141506', '2022-04-23 01:13:44', 'admin44', 'admin66', '/user/queryUser', '用户模块', '查询所有用户');
INSERT INTO `tb_log` VALUES ('1517552383637434369', '2022-04-23 01:14:18', 'admin44', 'admin66', '/user/queryUser', '用户模块', '查询所有用户');
INSERT INTO `tb_log` VALUES ('1517552386317594626', '2022-04-23 01:14:18', 'admin44', 'admin66', '/user/queryUser', '用户模块', '查询所有用户');
INSERT INTO `tb_log` VALUES ('1517552388460883969', '2022-04-23 01:14:19', 'admin44', 'admin66', '/user/queryUser', '用户模块', '查询所有用户');
INSERT INTO `tb_log` VALUES ('1517552391363342337', '2022-04-23 01:14:20', 'admin44', 'admin66', '/user/queryUser', '用户模块', '查询所有用户');
INSERT INTO `tb_log` VALUES ('1517552828695031809', '2022-04-23 01:16:04', 'admin88', '测试数据', '/user/queryUser', '用户模块', '查询所有用户');
INSERT INTO `tb_log` VALUES ('1517552843924549633', '2022-04-23 01:16:07', 'admin88', '测试数据', '/user/queryUser', '用户模块', '查询所有用户');
INSERT INTO `tb_log` VALUES ('1517552877873246209', '2022-04-23 01:16:16', 'admin88', '测试数据', '/user/deleteUser', '用户模块', '删除一个用户');
INSERT INTO `tb_log` VALUES ('1517552928834039809', '2022-04-23 01:16:28', 'admin88', '测试数据', '/user/queryUser', '用户模块', '查询所有用户');
INSERT INTO `tb_log` VALUES ('1517552933481328641', '2022-04-23 01:16:29', 'admin88', '测试数据', '/user/queryUser', '用户模块', '查询所有用户');
INSERT INTO `tb_log` VALUES ('1517553031279915010', '2022-04-23 01:16:52', 'admin88', '测试数据', '/user/queryUser', '用户模块', '查询所有用户');
INSERT INTO `tb_log` VALUES ('1517553034555666433', '2022-04-23 01:16:53', 'admin88', '测试数据', '/user/queryUser', '用户模块', '查询所有用户');
INSERT INTO `tb_log` VALUES ('1517553037642674178', '2022-04-23 01:16:54', 'admin88', '测试数据', '/user/queryUser', '用户模块', '查询所有用户');
INSERT INTO `tb_log` VALUES ('1517553040327028737', '2022-04-23 01:16:54', 'admin88', '测试数据', '/user/queryUser', '用户模块', '查询所有用户');
INSERT INTO `tb_log` VALUES ('1517553042352877569', '2022-04-23 01:16:55', 'admin88', '测试数据', '/user/queryUser', '用户模块', '查询所有用户');
INSERT INTO `tb_log` VALUES ('1517553043640528897', '2022-04-23 01:16:55', 'admin88', '测试数据', '/user/queryUser', '用户模块', '查询所有用户');
INSERT INTO `tb_log` VALUES ('1517553044613607425', '2022-04-23 01:16:55', 'admin88', '测试数据', '/user/queryUser', '用户模块', '查询所有用户');
INSERT INTO `tb_log` VALUES ('1517553046064836610', '2022-04-23 01:16:56', 'admin88', '测试数据', '/user/queryUser', '用户模块', '查询所有用户');
INSERT INTO `tb_log` VALUES ('1517553747805356034', '2022-04-23 01:19:43', 'admin', 'admin', '/user/queryUser', '用户模块', '查询所有用户');
INSERT INTO `tb_log` VALUES ('1517554756774526977', '2022-04-23 01:23:43', 'admin', 'admin', '/user/queryUser', '用户模块', '查询所有用户');
INSERT INTO `tb_log` VALUES ('1517554778480050178', '2022-04-23 01:23:49', 'admin', 'admin', '/user/queryUser', '用户模块', '查询所有用户');
INSERT INTO `tb_log` VALUES ('1517554793533407233', '2022-04-23 01:23:52', 'admin', 'admin', '/user/queryUser', '用户模块', '查询所有用户');
INSERT INTO `tb_log` VALUES ('1517554803922698242', '2022-04-23 01:23:55', 'admin', 'admin', '/user/queryUser', '用户模块', '查询所有用户');
INSERT INTO `tb_log` VALUES ('1517554807118757890', '2022-04-23 01:23:55', 'admin', 'admin', '/user/queryUser', '用户模块', '查询所有用户');
INSERT INTO `tb_log` VALUES ('1517555894613704705', '2022-04-23 01:28:15', 'admin', 'admin', '/user/queryUser', '用户模块', '查询所有用户');
INSERT INTO `tb_log` VALUES ('1517555927681597442', '2022-04-23 01:28:23', 'admin', 'admin', '/user/queryUser', '用户模块', '查询所有用户');
INSERT INTO `tb_log` VALUES ('1517556278736498690', '2022-04-23 01:29:46', 'admin', 'admin', '/user/queryUser', '用户模块', '查询所有用户');
INSERT INTO `tb_log` VALUES ('1517556285703237634', '2022-04-23 01:29:48', 'admin', 'admin', '/user/queryUser', '用户模块', '查询所有用户');
INSERT INTO `tb_log` VALUES ('1517556303541612546', '2022-04-23 01:29:52', 'admin', 'admin', '/user/queryUser', '用户模块', '查询所有用户');
INSERT INTO `tb_log` VALUES ('1517556357337755650', '2022-04-23 01:30:05', 'admin', 'admin', '/user/queryUser', '用户模块', '查询所有用户');
INSERT INTO `tb_log` VALUES ('1517556364958806017', '2022-04-23 01:30:07', 'admin', 'admin', '/user/queryUser', '用户模块', '查询所有用户');
INSERT INTO `tb_log` VALUES ('1517556372844097537', '2022-04-23 01:30:09', 'admin', 'admin', '/user/queryUser', '用户模块', '查询所有用户');
INSERT INTO `tb_log` VALUES ('1517556390242070530', '2022-04-23 01:30:13', 'admin', 'admin', '/user/queryUser', '用户模块', '查询所有用户');
INSERT INTO `tb_log` VALUES ('1517556393928863746', '2022-04-23 01:30:14', 'admin', 'admin', '/user/queryUser', '用户模块', '查询所有用户');
INSERT INTO `tb_log` VALUES ('1517556396810350594', '2022-04-23 01:30:14', 'admin', 'admin', '/user/queryUser', '用户模块', '查询所有用户');
INSERT INTO `tb_log` VALUES ('1517556398584541186', '2022-04-23 01:30:15', 'admin', 'admin', '/user/queryUser', '用户模块', '查询所有用户');
INSERT INTO `tb_log` VALUES ('1517556399960272897', '2022-04-23 01:30:15', 'admin', 'admin', '/user/queryUser', '用户模块', '查询所有用户');
INSERT INTO `tb_log` VALUES ('1517556401075957762', '2022-04-23 01:30:16', 'admin', 'admin', '/user/queryUser', '用户模块', '查询所有用户');
INSERT INTO `tb_log` VALUES ('1517556402707542017', '2022-04-23 01:30:16', 'admin', 'admin', '/user/queryUser', '用户模块', '查询所有用户');
INSERT INTO `tb_log` VALUES ('1517556403684814850', '2022-04-23 01:30:16', 'admin', 'admin', '/user/queryUser', '用户模块', '查询所有用户');
INSERT INTO `tb_log` VALUES ('1517556404863414273', '2022-04-23 01:30:16', 'admin', 'admin', '/user/queryUser', '用户模块', '查询所有用户');
INSERT INTO `tb_log` VALUES ('1517556618571591682', '2022-04-23 01:31:07', 'admin', 'admin', '/user/queryUser', '用户模块', '查询所有用户');
INSERT INTO `tb_log` VALUES ('1517556622442934273', '2022-04-23 01:31:08', 'admin', 'admin', '/user/queryUser', '用户模块', '查询所有用户');
INSERT INTO `tb_log` VALUES ('1517556624674304002', '2022-04-23 01:31:09', 'admin', 'admin', '/user/queryUser', '用户模块', '查询所有用户');
INSERT INTO `tb_log` VALUES ('1517557623312961538', '2022-04-23 01:35:07', 'admin', 'admin', '/user/queryUser', '用户模块', '查询所有用户');
INSERT INTO `tb_log` VALUES ('1517557630296477698', '2022-04-23 01:35:09', 'admin', 'admin', '/user/queryUser', '用户模块', '查询所有用户');
INSERT INTO `tb_log` VALUES ('1517557635187036162', '2022-04-23 01:35:10', 'admin', 'admin', '/user/queryUser', '用户模块', '查询所有用户');
INSERT INTO `tb_log` VALUES ('1517557652278824961', '2022-04-23 01:35:14', 'admin', 'admin', '/user/queryUser', '用户模块', '查询所有用户');
INSERT INTO `tb_log` VALUES ('1517557654640218113', '2022-04-23 01:35:14', 'admin', 'admin', '/user/queryUser', '用户模块', '查询所有用户');
INSERT INTO `tb_log` VALUES ('1517557655806234626', '2022-04-23 01:35:15', 'admin', 'admin', '/user/queryUser', '用户模块', '查询所有用户');
INSERT INTO `tb_log` VALUES ('1517557656716398593', '2022-04-23 01:35:15', 'admin', 'admin', '/user/queryUser', '用户模块', '查询所有用户');
INSERT INTO `tb_log` VALUES ('1517557893488979970', '2022-04-23 01:36:11', 'admin', 'admin', '/user/queryUser', '用户模块', '查询所有用户');
INSERT INTO `tb_log` VALUES ('1517557908169043969', '2022-04-23 01:36:15', 'admin', 'admin', '/user/queryUser', '用户模块', '查询所有用户');
INSERT INTO `tb_log` VALUES ('1517559052320645121', '2022-04-23 01:40:48', 'admin', 'admin', '/user/queryUser', '用户模块', '查询所有用户');
INSERT INTO `tb_log` VALUES ('1517561785434107906', '2022-04-23 01:51:39', 'admin', 'admin', '/user/queryUser', '用户模块', '查询所有用户');
INSERT INTO `tb_log` VALUES ('1517562132349108226', '2022-04-23 01:53:02', 'admin', 'admin', '/user/queryUser', '用户模块', '查询所有用户');
INSERT INTO `tb_log` VALUES ('1517562164552974338', '2022-04-23 01:53:10', 'admin', 'admin', '/user/insertUser', '用户模块', '新增一个用户');
INSERT INTO `tb_log` VALUES ('1517562167103111169', '2022-04-23 01:53:10', 'admin', 'admin', '/user/insertUser', '用户模块', '新增一个用户');
INSERT INTO `tb_log` VALUES ('1517562167753228290', '2022-04-23 01:53:10', 'admin', 'admin', '/user/insertUser', '用户模块', '新增一个用户');
INSERT INTO `tb_log` VALUES ('1517562168281710593', '2022-04-23 01:53:11', 'admin', 'admin', '/user/insertUser', '用户模块', '新增一个用户');
INSERT INTO `tb_log` VALUES ('1517562168814387201', '2022-04-23 01:53:11', 'admin', 'admin', '/user/insertUser', '用户模块', '新增一个用户');
INSERT INTO `tb_log` VALUES ('1517562681379307521', '2022-04-23 01:55:13', 'admin', 'admin', '/user/insertUser', '用户模块', '新增一个用户');
INSERT INTO `tb_log` VALUES ('1517562710835904513', '2022-04-23 01:55:20', 'admin', 'admin', '/user/insertUser', '用户模块', '新增一个用户');
INSERT INTO `tb_log` VALUES ('1517562723427205122', '2022-04-23 01:55:23', 'admin', 'admin', '/user/queryUser', '用户模块', '查询所有用户');
INSERT INTO `tb_log` VALUES ('1517562772760608769', '2022-04-23 01:55:35', 'admin', 'admin', '/user/insertUser', '用户模块', '新增一个用户');
INSERT INTO `tb_log` VALUES ('1517562820307238914', '2022-04-23 01:55:46', 'admin', 'admin', '/user/queryUser', '用户模块', '查询所有用户');
INSERT INTO `tb_log` VALUES ('1517563553782005761', '2022-04-23 01:58:41', 'admin', 'admin', '/user/queryUser', '用户模块', '查询所有用户');
INSERT INTO `tb_log` VALUES ('1517563588930273282', '2022-04-23 01:58:49', 'admin', 'admin', '/user/insertUser', '用户模块', '新增一个用户');
INSERT INTO `tb_log` VALUES ('1517563640595709954', '2022-04-23 01:59:02', 'admin', 'admin', '/user/queryUser', '用户模块', '查询所有用户');
INSERT INTO `tb_log` VALUES ('1517564285524475906', '2022-04-23 02:01:35', 'admin', 'admin', '/user/insertUser', '用户模块', '新增一个用户');
INSERT INTO `tb_log` VALUES ('1517564476608577538', '2022-04-23 02:02:21', 'admin', 'admin', '/user/queryUser', '用户模块', '查询所有用户');
INSERT INTO `tb_log` VALUES ('1517564501757624321', '2022-04-23 02:02:27', 'admin', 'admin', '/user/insertUser', '用户模块', '新增一个用户');
INSERT INTO `tb_log` VALUES ('1517564575120195586', '2022-04-23 02:02:44', 'admin', 'admin', '/user/insertUser', '用户模块', '新增一个用户');
INSERT INTO `tb_log` VALUES ('1517564908688945154', '2022-04-23 02:04:04', 'admin', 'admin', '/user/queryUser', '用户模块', '查询所有用户');
INSERT INTO `tb_log` VALUES ('1517564943195484162', '2022-04-23 02:04:12', 'admin', 'admin', '/user/insertUser', '用户模块', '新增一个用户');
INSERT INTO `tb_log` VALUES ('1517565261287366658', '2022-04-23 02:05:28', 'admin', 'admin', '/user/queryUser', '用户模块', '查询所有用户');
INSERT INTO `tb_log` VALUES ('1517565289540198401', '2022-04-23 02:05:35', 'admin', 'admin', '/user/insertUser', '用户模块', '新增一个用户');
INSERT INTO `tb_log` VALUES ('1517565301661736961', '2022-04-23 02:05:38', 'admin', 'admin', '/user/queryUser', '用户模块', '查询所有用户');
INSERT INTO `tb_log` VALUES ('1517565352853217282', '2022-04-23 02:05:50', 'admin', 'admin', '/user/insertUser', '用户模块', '新增一个用户');
INSERT INTO `tb_log` VALUES ('1517565374873313281', '2022-04-23 02:05:55', 'admin', 'admin', '/user/queryUser', '用户模块', '查询所有用户');
INSERT INTO `tb_log` VALUES ('1517565459854106626', '2022-04-23 02:06:15', 'admin', 'admin', '/user/insertUser', '用户模块', '新增一个用户');
INSERT INTO `tb_log` VALUES ('1517565483136688130', '2022-04-23 02:06:21', 'admin', 'admin', '/user/insertUser', '用户模块', '新增一个用户');
INSERT INTO `tb_log` VALUES ('1517565497535733762', '2022-04-23 02:06:24', 'admin', 'admin', '/user/insertUser', '用户模块', '新增一个用户');
INSERT INTO `tb_log` VALUES ('1517565502111719426', '2022-04-23 02:06:25', 'admin', 'admin', '/user/queryUser', '用户模块', '查询所有用户');
INSERT INTO `tb_log` VALUES ('1517565675139239937', '2022-04-23 02:07:07', 'admin', 'admin', '/user/queryUser', '用户模块', '查询所有用户');
INSERT INTO `tb_log` VALUES ('1517565706219032578', '2022-04-23 02:07:14', 'admin', 'admin', '/user/insertUser', '用户模块', '新增一个用户');
INSERT INTO `tb_log` VALUES ('1517565711625490433', '2022-04-23 02:07:15', 'admin', 'admin', '/user/queryUser', '用户模块', '查询所有用户');
INSERT INTO `tb_log` VALUES ('1517566150072909826', '2022-04-23 02:09:00', 'admin', 'admin', '/user/queryUser', '用户模块', '查询所有用户');
INSERT INTO `tb_log` VALUES ('1517566197518876674', '2022-04-23 02:09:11', 'admin', 'admin', '/user/insertUser', '用户模块', '新增一个用户');
INSERT INTO `tb_log` VALUES ('1517566233845743618', '2022-04-23 02:09:20', 'admin', 'admin', '/user/insertUser', '用户模块', '新增一个用户');
INSERT INTO `tb_log` VALUES ('1517566237503176705', '2022-04-23 02:09:21', 'admin', 'admin', '/user/queryUser', '用户模块', '查询所有用户');
INSERT INTO `tb_log` VALUES ('1517566354658451458', '2022-04-23 02:09:49', 'admin', 'admin', '/user/queryUser', '用户模块', '查询所有用户');
INSERT INTO `tb_log` VALUES ('1517566378024919041', '2022-04-23 02:09:54', 'admin', 'admin', '/user/insertUser', '用户模块', '新增一个用户');
INSERT INTO `tb_log` VALUES ('1517566378817642498', '2022-04-23 02:09:54', 'admin', 'admin', '/user/insertUser', '用户模块', '新增一个用户');
INSERT INTO `tb_log` VALUES ('1517566387688595457', '2022-04-23 02:09:57', 'admin', 'admin', '/user/queryUser', '用户模块', '查询所有用户');
INSERT INTO `tb_log` VALUES ('1517706624557502466', '2022-04-23 11:27:12', 'admin', 'admin', '/user/queryUser', '用户模块', '查询所有用户');
INSERT INTO `tb_log` VALUES ('1517706805269090306', '2022-04-23 11:27:55', 'admin', 'admin', '/user/queryUser', '用户模块', '查询所有用户');
INSERT INTO `tb_log` VALUES ('1517706844028653570', '2022-04-23 11:28:04', 'admin', 'admin', '/user/insertUser', '用户模块', '新增一个用户');
INSERT INTO `tb_log` VALUES ('1517706852123660289', '2022-04-23 11:28:06', 'admin', 'admin', '/user/queryUser', '用户模块', '查询所有用户');
INSERT INTO `tb_log` VALUES ('1517708691707621378', '2022-04-23 11:35:24', 'admin', 'admin', '/user/queryUser', '用户模块', '查询所有用户');
INSERT INTO `tb_log` VALUES ('1517709365237256194', '2022-04-23 11:38:05', 'admin', 'admin', '/user/queryUser', '用户模块', '查询所有用户');
INSERT INTO `tb_log` VALUES ('1517709413761159169', '2022-04-23 11:38:17', 'admin', 'admin', '/user/queryUser', '用户模块', '查询所有用户');
INSERT INTO `tb_log` VALUES ('1517709609026981890', '2022-04-23 11:39:03', 'admin', 'admin', '/user/queryUser', '用户模块', '查询所有用户');
INSERT INTO `tb_log` VALUES ('1517711131383177218', '2022-04-23 11:45:06', 'admin', 'admin', '/user/queryUser', '用户模块', '查询所有用户');
INSERT INTO `tb_log` VALUES ('1517711199414788097', '2022-04-23 11:45:22', 'admin', 'admin', '/user/insertUser', '用户模块', '新增一个用户');
INSERT INTO `tb_log` VALUES ('1517711205592997889', '2022-04-23 11:45:24', 'admin', 'admin', '/user/queryUser', '用户模块', '查询所有用户');
INSERT INTO `tb_log` VALUES ('1517714785783799809', '2022-04-23 11:59:37', 'admin', 'admin', '/user/queryUser', '用户模块', '查询所有用户');
INSERT INTO `tb_log` VALUES ('1517714838296485890', '2022-04-23 11:59:50', 'admin', 'admin', '/user/queryUser', '用户模块', '查询所有用户');
INSERT INTO `tb_log` VALUES ('1517714877924270081', '2022-04-23 11:59:59', 'admin', 'admin', '/user/queryUser', '用户模块', '查询所有用户');
INSERT INTO `tb_log` VALUES ('1517715046342352897', '2022-04-23 12:00:39', 'admin', 'admin', '/user/queryUser', '用户模块', '查询所有用户');
INSERT INTO `tb_log` VALUES ('1517715054064066562', '2022-04-23 12:00:41', 'admin', 'admin', '/user/queryUser', '用户模块', '查询所有用户');
INSERT INTO `tb_log` VALUES ('1517715065627762690', '2022-04-23 12:00:44', 'admin', 'admin', '/user/queryUser', '用户模块', '查询所有用户');
INSERT INTO `tb_log` VALUES ('1517715086230183938', '2022-04-23 12:00:49', 'admin', 'admin', '/user/queryUser', '用户模块', '查询所有用户');
INSERT INTO `tb_log` VALUES ('1517715815019876353', '2022-04-23 12:03:43', 'admin', 'admin', '/user/queryUser', '用户模块', '查询所有用户');
INSERT INTO `tb_log` VALUES ('1517716277706203137', '2022-04-23 12:05:33', 'admin', 'admin', '/user/queryUser', '用户模块', '查询所有用户');
INSERT INTO `tb_log` VALUES ('1517716283674697729', '2022-04-23 12:05:35', 'admin', 'admin', '/user/queryUser', '用户模块', '查询所有用户');
INSERT INTO `tb_log` VALUES ('1517716304801406977', '2022-04-23 12:05:40', 'admin', 'admin', '/user/queryUser', '用户模块', '查询所有用户');
INSERT INTO `tb_log` VALUES ('1517716330990641153', '2022-04-23 12:05:46', 'admin', 'admin', '/user/queryUser', '用户模块', '查询所有用户');
INSERT INTO `tb_log` VALUES ('1517719431147536385', '2022-04-23 12:18:05', 'admin', 'admin', '/user/queryUser', '用户模块', '查询所有用户');
INSERT INTO `tb_log` VALUES ('1517719479117791234', '2022-04-23 12:18:16', 'admin', 'admin', '/user/queryUser', '用户模块', '查询所有用户');
INSERT INTO `tb_log` VALUES ('1517719500261277698', '2022-04-23 12:18:21', 'admin', 'admin', '/user/queryUser', '用户模块', '查询所有用户');
INSERT INTO `tb_log` VALUES ('1517719722181894145', '2022-04-23 12:19:14', 'admin', 'admin', '/user/queryUser', '用户模块', '查询所有用户');
INSERT INTO `tb_log` VALUES ('1517720536971546626', '2022-04-23 12:22:29', 'admin', 'admin', '/user/queryUser', '用户模块', '查询所有用户');
INSERT INTO `tb_log` VALUES ('1517720561139126274', '2022-04-23 12:22:34', 'admin', 'admin', '/user/queryUser', '用户模块', '查询所有用户');
INSERT INTO `tb_log` VALUES ('1517721699842330625', '2022-04-23 12:27:06', 'admin', 'admin', '/user/queryUser', '用户模块', '查询所有用户');
INSERT INTO `tb_log` VALUES ('1517721738119548930', '2022-04-23 12:27:15', 'admin', 'admin', '/user/queryUser', '用户模块', '查询所有用户');
INSERT INTO `tb_log` VALUES ('1517721794625212418', '2022-04-23 12:27:28', 'admin', 'admin', '/user/queryUser', '用户模块', '查询所有用户');
INSERT INTO `tb_log` VALUES ('1517737462208724993', '2022-04-23 13:29:44', 'admin', 'admin', '/user/queryUser', '用户模块', '查询所有用户');
INSERT INTO `tb_log` VALUES ('1517737500578217985', '2022-04-23 13:29:53', 'admin', 'admin', '/user/queryUser', '用户模块', '查询所有用户');
INSERT INTO `tb_log` VALUES ('1517737523231653889', '2022-04-23 13:29:58', 'admin', 'admin', '/user/queryUser', '用户模块', '查询所有用户');
INSERT INTO `tb_log` VALUES ('1517737789930647553', '2022-04-23 13:31:02', 'admin', 'admin', '/user/queryUser', '用户模块', '查询所有用户');
INSERT INTO `tb_log` VALUES ('1517737808784044034', '2022-04-23 13:31:06', 'admin', 'admin', '/user/queryUser', '用户模块', '查询所有用户');
INSERT INTO `tb_log` VALUES ('1517749341710802945', '2022-04-23 14:16:56', 'admin', 'admin', '/user/queryUser', '用户模块', '查询所有用户');
INSERT INTO `tb_log` VALUES ('1517751538628546562', '2022-04-23 14:25:40', 'admin', 'admin', '/user/queryUser', '用户模块', '查询所有用户');
INSERT INTO `tb_log` VALUES ('1517755517257154561', '2022-04-23 14:41:28', 'admin', 'admin', '/user/queryUser', '用户模块', '查询所有用户');
INSERT INTO `tb_log` VALUES ('1517755542049685506', '2022-04-23 14:41:34', 'admin', 'admin', '/user/queryUser', '用户模块', '查询所有用户');
INSERT INTO `tb_log` VALUES ('1517755587062956034', '2022-04-23 14:41:45', 'admin', 'admin', '/user/queryUser', '用户模块', '查询所有用户');
INSERT INTO `tb_log` VALUES ('1517755913203634177', '2022-04-23 14:43:03', 'admin', 'admin', '/user/queryUser', '用户模块', '查询所有用户');
INSERT INTO `tb_log` VALUES ('1517758116224053250', '2022-04-23 14:51:48', 'admin', 'admin', '/user/queryUser', '用户模块', '查询所有用户');
INSERT INTO `tb_log` VALUES ('1517758135417188354', '2022-04-23 14:51:53', 'admin', 'admin', '/user/queryUser', '用户模块', '查询所有用户');
INSERT INTO `tb_log` VALUES ('1517758272180858882', '2022-04-23 14:52:25', 'admin', 'admin', '/user/queryUser', '用户模块', '查询所有用户');
INSERT INTO `tb_log` VALUES ('1517759964632879106', '2022-04-23 14:59:09', 'admin', 'admin', '/user/queryUser', '用户模块', '查询所有用户');
INSERT INTO `tb_log` VALUES ('1517759997721743362', '2022-04-23 14:59:17', 'admin', 'admin', '/user/queryUser', '用户模块', '查询所有用户');
INSERT INTO `tb_log` VALUES ('1517760018806509569', '2022-04-23 14:59:22', 'admin', 'admin', '/user/queryUser', '用户模块', '查询所有用户');
INSERT INTO `tb_log` VALUES ('1517760717372035074', '2022-04-23 15:02:08', 'admin', 'admin', '/user/queryUser', '用户模块', '查询所有用户');
INSERT INTO `tb_log` VALUES ('1517760918346383361', '2022-04-23 15:02:56', 'admin', 'admin', '/user/queryUser', '用户模块', '查询所有用户');
INSERT INTO `tb_log` VALUES ('1517767190005174274', '2022-04-23 15:27:51', 'admin', 'admin', '/user/queryUser', '用户模块', '查询所有用户');
INSERT INTO `tb_log` VALUES ('1517767276193927170', '2022-04-23 15:28:12', 'admin', 'admin', '/user/queryUser', '用户模块', '查询所有用户');
INSERT INTO `tb_log` VALUES ('1517767280144961538', '2022-04-23 15:28:13', 'admin', 'admin', '/user/queryUser', '用户模块', '查询所有用户');
INSERT INTO `tb_log` VALUES ('1517767281399058434', '2022-04-23 15:28:13', 'admin', 'admin', '/user/queryUser', '用户模块', '查询所有用户');
INSERT INTO `tb_log` VALUES ('1517767282833510402', '2022-04-23 15:28:14', 'admin', 'admin', '/user/queryUser', '用户模块', '查询所有用户');
INSERT INTO `tb_log` VALUES ('1517767284402180098', '2022-04-23 15:28:14', 'admin', 'admin', '/user/queryUser', '用户模块', '查询所有用户');
INSERT INTO `tb_log` VALUES ('1517767285262012418', '2022-04-23 15:28:14', 'admin', 'admin', '/user/queryUser', '用户模块', '查询所有用户');
INSERT INTO `tb_log` VALUES ('1517768045190303745', '2022-04-23 15:31:15', 'admin', 'admin', '/user/queryUser', '用户模块', '查询所有用户');
INSERT INTO `tb_log` VALUES ('1517768174152568833', '2022-04-23 15:31:46', 'admin', 'admin', '/user/queryUser', '用户模块', '查询所有用户');
INSERT INTO `tb_log` VALUES ('1517768177470263298', '2022-04-23 15:31:47', 'admin', 'admin', '/user/queryUser', '用户模块', '查询所有用户');
INSERT INTO `tb_log` VALUES ('1517768180615991298', '2022-04-23 15:31:48', 'admin', 'admin', '/user/queryUser', '用户模块', '查询所有用户');
INSERT INTO `tb_log` VALUES ('1517768185301028865', '2022-04-23 15:31:49', 'admin', 'admin', '/user/queryUser', '用户模块', '查询所有用户');
INSERT INTO `tb_log` VALUES ('1517886158414061570', '2022-04-23 23:20:36', 'admin', 'admin', '/user/deleteUser', '用户模块', '删除一个用户');
INSERT INTO `tb_log` VALUES ('1518037444186882050', '2022-04-24 09:21:45', 'admin', 'admin', '/user/updateUser', '用户模块', '更新一个用户');
INSERT INTO `tb_log` VALUES ('1518037538655191042', '2022-04-24 09:22:08', 'admin', 'admin', '/user/updateUser', '用户模块', '更新一个用户');
INSERT INTO `tb_log` VALUES ('1518059055266951170', '2022-04-24 10:47:38', 'admin', 'admin', '/user/updateUser', '用户模块', '更新一个用户');
INSERT INTO `tb_log` VALUES ('1518109373514178562', '2022-04-24 14:07:34', 'admin', 'admin', '/user/insertUser', '用户模块', '新增一个用户');
INSERT INTO `tb_log` VALUES ('1518119138755612674', '2022-04-24 14:46:23', 'admin', 'admin', '/user/insertUser', '用户模块', '新增一个用户');
INSERT INTO `tb_log` VALUES ('1518119186524540929', '2022-04-24 14:46:34', 'admin', 'admin', '/user/deleteUser', '用户模块', '删除一个用户');
INSERT INTO `tb_log` VALUES ('1518119314601807873', '2022-04-24 14:47:05', 'admin', 'admin', '/user/deleteUser', '用户模块', '删除一个用户');

-- ----------------------------
-- Table structure for tb_user
-- ----------------------------
DROP TABLE IF EXISTS `tb_user`;
CREATE TABLE `tb_user`  (
  `u_id` int(11) NOT NULL AUTO_INCREMENT COMMENT '注解',
  `account` varchar(50) CHARACTER SET utf8 COLLATE utf8_general_ci NOT NULL COMMENT '账号',
  `name` varchar(100) CHARACTER SET utf8 COLLATE utf8_general_ci NULL DEFAULT NULL COMMENT '姓名',
  `dept` varchar(100) CHARACTER SET utf8 COLLATE utf8_general_ci NULL DEFAULT NULL COMMENT '班级(部门)',
  `gender` varchar(2) CHARACTER SET utf8 COLLATE utf8_general_ci NULL DEFAULT NULL COMMENT '性别',
  `birthday` date NULL DEFAULT NULL COMMENT '生日',
  `password` varchar(255) CHARACTER SET utf8 COLLATE utf8_general_ci NOT NULL COMMENT '密码',
  PRIMARY KEY (`u_id`) USING BTREE,
  UNIQUE INDEX `unique_key`(`account`) USING BTREE
) ENGINE = InnoDB AUTO_INCREMENT = 372 CHARACTER SET = utf8 COLLATE = utf8_general_ci ROW_FORMAT = DYNAMIC;

-- ----------------------------
-- Records of tb_user
-- ----------------------------
INSERT INTO `tb_user` VALUES (1, 'admin', 'admin', '管理组', '男', '2022-03-28', '123456');
INSERT INTO `tb_user` VALUES (2, 'wxh', '王小虎', '用户', '男', '2022-04-22', '123456');
INSERT INTO `tb_user` VALUES (4, 'lisi', '无名李四', '用户', '男', '2022-04-22', '123456');
INSERT INTO `tb_user` VALUES (16, 'strawhat', '草帽本尊', '管理部', '男', '2022-04-05', '123456');
INSERT INTO `tb_user` VALUES (18, '蜡笔小新', '小新', '用户', '女', '2022-04-21', '123456');
INSERT INTO `tb_user` VALUES (20, 'wangxiaohu', '王小胡', '老大分部', '男', '2022-04-26', '123456');
INSERT INTO `tb_user` VALUES (28, 'strawhat1', '草帽1号', '小弟组', '男', '2022-04-06', '123456');
INSERT INTO `tb_user` VALUES (29, 'strawhat2', '草帽2号', '小弟组', '男', '2022-04-21', '123456');
INSERT INTO `tb_user` VALUES (30, 'strawhat3', '草帽3号', '小弟组', '男', '2022-04-13', '123456');
INSERT INTO `tb_user` VALUES (31, 'strawhat11', '草帽4号', '小弟组', '男', '2022-04-20', '123456');
INSERT INTO `tb_user` VALUES (32, 'strawhat123', '草帽5号', '小弟组', '男', '2022-04-28', '123456');
INSERT INTO `tb_user` VALUES (257, 'test001', '唐僧', '取经组', '男', '2022-04-28', '123456');
INSERT INTO `tb_user` VALUES (258, 'test002', '八戒', '取经组', '男', '2022-04-01', '123456');
INSERT INTO `tb_user` VALUES (259, 'tset003', '悟空', '取经组', '男', '2022-04-20', '123456');
INSERT INTO `tb_user` VALUES (260, 'test004', '葫芦娃', '动画组', '男', '2022-03-30', '123456');
INSERT INTO `tb_user` VALUES (273, 'test005', '天线宝宝', '动画组', '男', '2022-04-05', '123456');
INSERT INTO `tb_user` VALUES (274, 'test006', '苍老师', '电影组', '女', '2022-04-27', '123456');
INSERT INTO `tb_user` VALUES (275, ' test007', '迪迦', '动画组', '男', '2022-04-01', '123456');
INSERT INTO `tb_user` VALUES (276, 'test008', '小马哥', '大佬组', '男', '2022-04-26', '123456');
INSERT INTO `tb_user` VALUES (277, 'test009', '草帽66号', '小弟组', '男', '2022-04-06', '123456');
INSERT INTO `tb_user` VALUES (369, 'strawhat198866', '草帽77号', '管理组', '男', '2022-04-20', '123456');
INSERT INTO `tb_user` VALUES (370, 'strawhat1988', '草帽88号', '小弟组', '男', '2022-01-28', '123456');
INSERT INTO `tb_user` VALUES (371, 'strawhat999', '草帽99号', '小弟组', '男', '2022-04-11', '123456');

-- ----------------------------
-- Table structure for user_c
-- ----------------------------
DROP TABLE IF EXISTS `user_c`;
CREATE TABLE `user_c`  (
  `id` int(11) NOT NULL AUTO_INCREMENT,
  `uid` int(11) NULL DEFAULT NULL,
  `cid` int(11) NULL DEFAULT NULL,
  PRIMARY KEY (`id`) USING BTREE,
  INDEX `FK_UID`(`uid`) USING BTREE,
  INDEX `FK_CID`(`cid`) USING BTREE,
  CONSTRAINT `FK_CID` FOREIGN KEY (`cid`) REFERENCES `course` (`c_id`) ON DELETE RESTRICT ON UPDATE RESTRICT,
  CONSTRAINT `FK_UID` FOREIGN KEY (`uid`) REFERENCES `tb_user` (`u_id`) ON DELETE RESTRICT ON UPDATE RESTRICT
) ENGINE = InnoDB AUTO_INCREMENT = 34 CHARACTER SET = utf8 COLLATE = utf8_general_ci ROW_FORMAT = Dynamic;

-- ----------------------------
-- Records of user_c
-- ----------------------------
INSERT INTO `user_c` VALUES (1, 2, 1);
INSERT INTO `user_c` VALUES (2, 2, 3);
INSERT INTO `user_c` VALUES (3, 2, 5);
INSERT INTO `user_c` VALUES (4, 20, 5);
INSERT INTO `user_c` VALUES (5, 20, 6);
INSERT INTO `user_c` VALUES (6, 18, 1);
INSERT INTO `user_c` VALUES (7, 16, 1);
INSERT INTO `user_c` VALUES (8, 16, 2);
INSERT INTO `user_c` VALUES (9, 16, 3);
INSERT INTO `user_c` VALUES (10, 16, 4);
INSERT INTO `user_c` VALUES (11, 16, 5);
INSERT INTO `user_c` VALUES (12, 16, 6);
INSERT INTO `user_c` VALUES (32, NULL, NULL);
INSERT INTO `user_c` VALUES (33, NULL, NULL);

SET FOREIGN_KEY_CHECKS = 1;
